Time_ns,Dist_TYR136_A,Dist_TYR159_A
0.0,4.1379776,5.248994
0.050023820867079564,3.826963,4.214353
0.10004764173415913,3.551774,4.692064
0.1500714626012387,3.704526,4.341003
0.20009528346831826,3.8497553,4.510288
0.2501191043353978,4.556425,4.7535987
0.3001429252024774,4.7814045,4.166709
0.35016674606955694,4.4269614,4.561963
0.4001905669366365,3.9912093,4.223828
0.4502143878037161,4.549823,4.6842847
0.5002382086707956,4.1249986,4.5099382
0.5502620295378752,4.198882,4.5051594
0.6002858504049547,3.946927,4.510581
0.6503096712720343,4.0258746,4.5205083
0.7003334921391139,3.749034,4.356145
0.7503573130061935,4.0288453,4.088913
0.800381133873273,3.9935887,4.781703
0.8504049547403526,3.5428908,4.6193476
0.9004287756074322,4.0431824,4.4275084
0.9504525964745117,4.4446297,4.7967987
1.0004764173415912,3.6926618,4.160841
1.0505002382086708,3.784497,4.6460204
1.1005240590757503,3.6897988,4.5124545
1.15054787994283,4.880802,4.8235545
1.2005717008099095,4.182064,4.5363154
1.250595521676989,3.8217564,4.314037
1.3006193425440686,5.1450896,3.9427896
1.3506431634111482,4.7463145,4.5795283
1.4006669842782278,4.1075177,4.3364334
1.4506908051453073,4.2307935,4.0281296
1.500714626012387,3.8595474,4.2169614
1.5507384468794665,4.8992405,4.4974008
1.600762267746546,4.28736,4.414141
1.6507860886136256,4.789445,5.1563077
1.7008099094807052,4.406904,4.707885
1.7508337303477848,4.69668,3.9937544
1.8008575512148643,4.9355354,4.526881
1.850881372081944,4.527234,4.8142724
1.9009051929490235,5.444264,4.2208014
1.950929013816103,4.211088,4.0166893
2.0009528346831824,4.428661,4.5452805
2.050976655550262,4.7037687,4.729969
2.1010004764173416,4.863349,4.659644
2.151024297284421,4.3781056,5.3901987
2.2010481181515007,4.5644245,4.731423
2.2510719390185803,4.2196026,4.402481
2.30109575988566,4.8541827,4.1847277
2.3511195807527394,4.030072,4.82061
2.401143401619819,4.4423094,4.6317267
2.4511672224868986,4.835678,4.170447
2.501191043353978,3.9618812,4.4976444
2.5512148642210577,4.526427,4.368942
2.6012386850881373,4.2847414,3.8631954
2.651262505955217,3.9191594,4.2225285
2.7012863268222964,4.7801166,4.5402784
2.751310147689376,4.429592,4.4634447
2.8013339685564556,4.3628173,4.102965
2.851357789423535,4.1298738,4.8502464
2.9013816102906147,5.0917907,4.323973
2.9514054311576943,4.0372915,4.21482
3.001429252024774,4.35095,4.3974547
3.0514530728918534,4.0854626,4.502446
3.101476893758933,4.6522183,4.5652027
3.1515007146260126,3.8001614,3.9696193
3.201524535493092,4.4854155,4.067309
3.2515483563601717,4.202958,4.0330577
3.3015721772272513,3.8681183,4.603479
3.351595998094331,3.675107,4.590182
3.4016198189614104,4.1364374,4.2686505
3.45164363982849,4.252153,3.9131954
3.5016674606955696,4.1445827,4.254034
3.551691281562649,4.150754,3.9366345
3.6017151024297287,4.6194296,4.1521373
3.6517389232968083,3.8367267,4.484469
3.701762744163888,4.003598,4.499589
3.7517865650309674,4.5569797,4.3092566
3.801810385898047,4.4097486,4.092213
3.8518342067651266,4.311227,4.583599
3.901858027632206,4.2065783,4.4428368
3.9518818484992857,3.8797493,4.632973
4.001905669366365,3.6942053,4.712185
4.051929490233444,4.195867,4.1462173
4.101953311100524,4.042522,4.132752
4.1519771319676035,4.0310555,4.6757345
4.202000952834683,4.7000017,4.544221
4.252024773701763,4.819648,3.847169
4.302048594568842,4.467877,3.939967
4.352072415435922,3.8453696,4.7723317
4.402096236303001,4.526021,4.5162477
4.452120057170081,4.2060704,4.883416
4.5021438780371605,4.8159347,4.4990573
4.55216769890424,3.8831587,4.4621162
4.60219151977132,4.0290217,4.4768963
4.652215340638399,3.9147556,4.605009
4.702239161505479,3.8250945,4.2204266
4.752262982372558,4.3189692,4.740852
4.802286803239638,4.171868,4.964906
4.8523106241067175,4.119791,4.5904408
4.902334444973797,4.200707,4.446091
4.952358265840877,4.364395,5.223164
5.002382086707956,4.556231,4.8026667
5.052405907575036,3.9329166,4.3447347
5.102429728442115,3.8495638,5.158699
5.152453549309195,3.980632,4.7652273
5.2024773701762745,4.1053267,4.9936676
5.252501191043354,3.629211,4.7666864
5.302525011910434,4.445371,4.4516096
5.352548832777513,4.1639695,4.689251
5.402572653644593,3.6410851,4.311511
5.452596474511672,4.7920566,4.3763533
5.502620295378752,4.5650444,4.5914717
5.5526441162458315,4.3306046,4.3490825
5.602667937112911,4.7121687,4.7545996
5.652691757979991,4.290933,4.9170957
5.70271557884707,4.698065,4.8430243
5.75273939971415,4.5859547,4.404595
5.802763220581229,4.508673,5.1757483
5.852787041448309,4.0026317,4.716787
5.9028108623153885,4.4254074,5.176845
5.952834683182468,4.1761737,3.9921308
6.002858504049548,4.3923745,4.277736
6.052882324916627,3.958317,4.5883965
6.102906145783707,4.2965236,5.01877
6.152929966650786,4.4632215,5.1669283
6.202953787517866,3.9131582,4.044567
6.2529776083849455,3.7257438,4.459608
6.303001429252025,3.9526699,4.553389
6.353025250119105,4.0845137,4.7859855
6.403049070986184,4.3666515,3.98948
6.453072891853264,4.1948833,4.1540504
6.503096712720343,4.6053176,4.9100046
6.553120533587423,4.480357,4.85929
6.6031443544545025,4.72646,4.3813405
6.653168175321582,4.2994337,4.2597733
6.703191996188662,3.811822,4.7461514
6.753215817055741,3.9913268,5.075548
6.803239637922821,4.022909,4.7893167
6.8532634587899,4.0331917,4.6639066
6.90328727965698,4.1644464,4.7173924
6.9533111005240595,4.390729,4.1860704
7.003334921391139,3.755745,4.789239
7.053358742258219,3.883881,5.436675
7.103382563125298,3.8186474,4.680835
7.153406383992378,3.7780547,4.4751344
7.203430204859457,3.8518176,4.8662457
7.253454025726537,3.7062607,4.680032
7.3034778465936165,4.0049944,4.2339034
7.353501667460696,3.7627637,4.6607895
7.403525488327776,3.801836,5.0981927
7.453549309194855,4.001742,4.4992695
7.503573130061935,3.8990154,4.316961
7.553596950929014,4.015726,4.723582
7.603620771796094,3.962802,4.878739
7.6536445926631735,3.7701116,4.4820137
7.703668413530253,3.7914789,4.523026
7.753692234397333,4.2351475,4.6263423
7.803716055264412,3.9441662,4.889397
7.853739876131492,3.7351944,4.4796553
7.903763696998571,3.931274,4.442048
7.953787517865651,4.013283,4.4016323
8.00381133873273,4.290838,4.8746095
8.05383515959981,4.046479,4.8647394
8.103858980466889,3.5579226,4.4962792
8.15388280133397,3.7805166,4.2096305
8.203906622201048,3.7343965,4.634952
8.253930443068128,3.64565,4.349643
8.303954263935207,4.489888,4.2952747
8.353978084802288,3.494123,4.900665
8.404001905669366,3.9132583,4.6746483
8.454025726536447,3.657988,4.5197988
8.504049547403525,3.574773,4.061897
8.554073368270606,3.9801369,4.807043
8.604097189137685,4.3738027,4.731391
8.654121010004765,3.7379036,4.801619
8.704144830871844,3.9359255,4.5339985
8.754168651738924,3.8092735,4.287801
8.804192472606003,3.422216,4.540152
8.854216293473083,4.2929277,4.7812138
8.904240114340162,4.3372064,3.6436887
8.954263935207242,3.9595494,4.5741854
9.004287756074321,3.669047,4.321819
9.054311576941402,4.217853,4.285712
9.10433539780848,4.5919414,4.057464
9.15435921867556,4.840982,4.676972
9.20438303954264,4.601836,4.4136777
9.25440686040972,4.3620567,4.2054005
9.304430681276799,3.6928532,4.110715
9.354454502143879,4.2646832,4.8243895
9.404478323010958,4.8011856,4.666191
9.454502143878038,3.9414783,4.490198
9.504525964745117,4.5491934,4.797016
9.554549785612197,4.3125973,4.8285875
9.604573606479276,5.153086,4.5029097
9.654597427346356,4.5072765,4.159964
9.704621248213435,4.131687,4.767271
9.754645069080516,3.579391,4.536704
9.804668889947594,3.6875114,4.3033943
9.854692710814675,4.1781154,4.6703277
9.904716531681753,3.9029012,4.5444837
9.954740352548834,4.442889,4.2170506
10.004764173415913,4.0104685,5.0951242
10.054787994282993,4.2418127,4.496806
10.104811815150072,3.6392627,5.0905695
10.154835636017152,3.773859,4.3715086
10.20485945688423,3.9393737,4.489346
10.254883277751311,4.360097,4.8763685
10.30490709861839,3.8047993,4.422701
10.35493091948547,4.3863087,4.7301526
10.404954740352549,4.981192,4.4529505
10.45497856121963,4.5027514,4.1949267
10.505002382086708,4.0568447,5.039363
10.555026202953789,3.8530831,4.6626906
10.605050023820867,4.0834465,4.3367877
10.655073844687948,4.110362,4.6131244
10.705097665555027,4.568928,4.277571
10.755121486422107,4.6837654,4.447392
10.805145307289186,3.7992334,4.329824
10.855169128156266,3.539085,4.5162706
10.905192949023345,3.9245896,4.645533
10.955216769890425,4.29869,4.526539
11.005240590757504,4.3801017,4.6250243
11.055264411624584,4.2614927,4.9123282
11.105288232491663,4.1107593,4.302306
11.155312053358744,4.1394653,4.366643
11.205335874225822,4.857692,4.4004006
11.255359695092903,4.6527867,4.5958037
11.305383515959981,4.1189246,4.8488755
11.355407336827062,4.637931,4.4162326
11.40543115769414,4.975809,4.1241565
11.455454978561221,4.28978,4.4541903
11.5054787994283,4.113645,4.790288
11.55550262029538,4.9424024,4.723424
11.605526441162459,4.565584,4.7302966
11.65555026202954,3.8669813,4.8038545
11.705574082896618,4.049271,4.8296614
11.755597903763698,4.575514,4.5642905
11.805621724630777,4.453051,4.6799927
11.855645545497858,3.8303149,4.7733493
11.905669366364936,4.3918195,4.6872716
11.955693187232017,4.464874,4.659502
12.005717008099095,4.103904,4.5811033
12.055740828966176,4.5331845,4.787364
12.105764649833255,4.3322935,4.5056553
12.155788470700335,3.9304051,4.677246
12.205812291567414,4.5002427,4.517986
12.255836112434494,4.3612013,4.6467323
12.305859933301573,3.6641872,4.323285
12.355883754168653,4.3361588,4.8244214
12.405907575035732,3.6741555,4.299837
12.455931395902812,3.8639417,4.8706264
12.505955216769891,4.2478995,4.0956726
12.555979037636972,4.50591,4.83055
12.60600285850405,3.5476544,4.7115197
12.65602667937113,3.6477046,4.681111
12.70605050023821,4.1852865,4.657401
12.75607432110529,3.9727864,4.747551
12.806098141972369,4.3911953,4.8003087
12.856121962839447,4.618323,4.6593914
12.906145783706528,4.829084,4.8915286
12.956169604573606,4.1463084,4.370995
13.006193425440687,3.5898647,4.552
13.056217246307765,4.217386,4.939832
13.106241067174846,4.2653503,4.4335427
13.156264888041925,4.4837303,4.3079085
13.206288708909005,4.999367,4.623795
13.256312529776084,4.9493194,4.9924045
13.306336350643164,4.570293,4.5657377
13.356360171510243,5.1419044,4.863487
13.406383992377323,4.460246,4.293286
13.456407813244402,5.108799,4.2281775
13.506431634111483,4.4871097,4.1042166
13.556455454978561,4.1412024,4.207651
13.606479275845642,4.8020716,4.4831443
13.65650309671272,4.5025516,4.298027
13.7065269175798,4.128328,5.003234
13.75655073844688,4.1393514,4.5215497
13.80657455931396,4.59927,4.119882
13.856598380181039,3.9658031,4.565944
13.906622201048119,4.687331,4.2011995
13.956646021915198,4.1496916,3.5546408
14.006669842782278,4.1054707,3.8256357
14.056693663649357,4.910539,4.6973934
14.106717484516437,4.829324,4.0926976
14.156741305383516,4.637334,4.3136506
14.206765126250597,3.726067,4.161708
14.256788947117675,3.8167753,4.43352
14.306812767984756,4.2375298,4.6501985
14.356836588851834,4.1996937,3.9607558
14.406860409718915,3.7249482,4.102439
14.456884230585993,3.832932,4.4209714
14.506908051453074,4.418654,4.6856704
14.556931872320153,3.4967713,4.9590693
14.606955693187233,4.401556,4.2320004
14.656979514054312,4.4511976,6.0128217
14.707003334921392,3.5319245,4.7286344
14.757027155788471,3.7960186,5.531579
14.807050976655551,3.51679,4.667736
14.85707479752263,4.7595186,5.0235987
14.90709861838971,3.6798134,4.660343
14.95712243925679,4.2355027,4.271095
15.00714626012387,4.2452555,4.3030605
15.057170080990948,3.5426126,3.9299145
15.107193901858029,3.910143,4.5822864
15.157217722725107,3.902303,4.5747414
15.207241543592188,4.635269,4.614682
15.257265364459267,3.5533223,4.2199645
15.307289185326347,3.9941106,4.6141753
15.357313006193426,3.727985,4.3803053
15.407336827060506,4.005194,4.1321483
15.457360647927585,3.6989884,3.9998307
15.507384468794665,3.6099496,4.208322
15.557408289661744,4.091086,3.971538
15.607432110528825,3.7004912,4.6268597
15.657455931395903,3.9464161,3.9588497
15.707479752262984,4.1183705,4.3282204
15.757503573130062,3.7648973,4.1621346
15.807527393997143,4.41643,4.1683145
15.857551214864221,4.521519,4.3950768
15.907575035731302,3.4985793,4.130681
15.95759885659838,4.30654,3.8660238
16.00762267746546,4.940905,3.7843351
16.05764649833254,4.3371515,4.188984
16.10767031919962,3.9082294,4.1667395
16.1576941400667,3.8962922,4.7861104
16.207717960933778,4.55279,4.451352
16.25774178180086,4.2320433,4.373293
16.30776560266794,4.5201735,4.1632705
16.357789423535017,4.8219347,4.234933
16.407813244402096,5.1064425,4.1187277
16.457837065269178,4.5299478,4.758564
16.507860886136257,4.432648,4.4389935
16.557884707003335,3.733965,4.414798
16.607908527870414,3.9810336,4.1346498
16.657932348737496,3.9865417,4.5145087
16.707956169604575,4.2214313,3.8752375
16.757979990471654,4.0281744,4.7070804
16.808003811338732,4.083386,5.164339
16.858027632205815,3.9904773,4.314425
16.908051453072893,4.231748,3.6855197
16.958075273939972,4.242191,3.795564
17.00809909480705,4.240889,4.108786
17.058122915674133,4.1487174,4.0514703
17.10814673654121,4.126401,4.3538656
17.15817055740829,3.6656485,3.6065314
17.20819437827537,4.4652114,4.9103127
17.25821819914245,4.5420547,3.9684076
17.30824202000953,4.352586,4.436885
17.35826584087661,3.931984,3.9070175
17.408289661743687,3.3524358,3.8073494
17.45831348261077,3.9485445,3.7455795
17.508337303477848,3.556056,3.8626168
17.558361124344927,3.5455003,3.9111762
17.608384945212006,3.644116,3.6380062
17.658408766079088,3.6681697,3.7271883
17.708432586946167,3.706688,4.017191
17.758456407813245,3.7237172,4.2245526
17.808480228680324,3.8912315,3.7108672
17.858504049547406,4.2868004,4.0801544
17.908527870414485,4.210325,3.9411602
17.958551691281563,4.217142,4.2531104
18.008575512148642,3.4747558,3.6341262
18.058599333015724,4.6528063,4.2752995
18.108623153882803,3.7636108,4.1116185
18.15864697474988,3.589972,3.9078145
18.20867079561696,3.5990782,4.012746
18.258694616484043,3.688977,4.0701003
18.30871843735112,3.412527,3.9078517
18.3587422582182,3.2560654,4.3364005
18.40876607908528,3.3839984,3.8661604
18.45878989995236,3.498664,3.718455
18.50881372081944,3.569187,4.1232653
18.55883754168652,3.8229322,4.0886607
18.608861362553597,3.8318453,4.248904
18.65888518342068,3.5478208,3.9445593
18.708909004287758,3.9516757,3.9782815
18.758932825154837,3.7983503,4.1249475
18.808956646021915,3.6309912,3.489463
18.858980466888998,3.730285,4.225466
18.909004287756076,3.82633,4.121675
18.959028108623155,3.7038996,3.9006357
19.009051929490234,3.9776382,4.2062974
19.059075750357316,4.418427,3.5273302
19.109099571224395,4.340723,3.566629
19.159123392091473,3.4548726,4.1273575
19.209147212958552,4.2494707,4.068791
19.25917103382563,4.1847224,3.8002026
19.309194854692713,4.8057966,3.5588505
19.35921867555979,4.8941665,3.6882231
19.40924249642687,4.14346,4.2133884
19.45926631729395,4.3209715,4.108917
19.50929013816103,4.7129755,3.8722382
19.55931395902811,4.1530075,4.0222244
19.60933777989519,4.066863,3.9477172
19.659361600762267,4.1782765,3.8521883
19.70938542162935,3.8555613,4.016422
19.759409242496428,4.6575212,4.2940655
19.809433063363507,4.892798,3.974478
19.859456884230585,4.2028494,3.9289265
19.909480705097668,4.094629,3.686911
19.959504525964746,4.325878,3.6630406
20.009528346831825,4.420698,3.8241348
20.059552167698904,4.2033143,3.8883197
20.109575988565986,4.024557,3.7262657
20.159599809433065,4.4854593,3.462556
20.209623630300143,4.4757943,3.6928306
20.259647451167222,4.03892,3.8556294
20.309671272034304,4.048641,3.3860989
20.359695092901383,4.5211415,3.5727623
20.40971891376846,5.3749423,3.7205968
20.45974273463554,4.8472204,4.643102
20.509766555502623,4.8060856,4.110246
20.5597903763697,4.7658496,3.6784317
20.60981419723678,5.110597,3.6565857
20.65983801810386,4.479929,3.8933003
20.70986183897094,4.52033,3.8090363
20.75988565983802,5.1252785,4.289764
20.809909480705098,4.1379743,3.7836776
20.859933301572177,4.3202124,3.5744505
20.90995712243926,4.879862,3.9540129
20.959980943306338,4.7212944,3.6898923
21.010004764173416,5.2604127,4.3898716
21.060028585040495,4.988515,3.667254
21.110052405907577,4.2938275,4.0600333
21.160076226774656,4.686112,4.2085876
21.210100047641735,4.663991,4.0258403
21.260123868508813,4.260969,3.7926655
21.310147689375896,5.3889136,3.8706136
21.360171510242974,5.25412,4.035196
21.410195331110053,5.0728436,3.7827926
21.46021915197713,5.1415415,4.385322
21.510242972844214,5.3406863,3.4317472
21.560266793711293,4.3829727,3.5706697
21.61029061457837,4.736609,3.5193694
21.66031443544545,5.3771524,3.5586607
21.710338256312532,5.4464536,4.2548504
21.76036207717961,5.3209596,3.65144
21.81038589804669,5.0788045,4.2102137
21.86040971891377,4.882276,4.07322
21.91043353978085,4.728165,3.5839977
21.96045736064793,4.544429,3.7111163
22.010481181515008,4.452171,4.2650023
22.060505002382087,4.7454753,3.9638238
22.11052882324917,4.9597626,3.7008665
22.160552644116247,4.446094,3.8339915
22.210576464983326,4.444173,4.4636936
22.260600285850405,4.914918,4.127398
22.310624106717487,4.4631677,3.922351
22.360647927584566,4.6698713,4.012037
22.410671748451644,4.8992996,3.9855158
22.460695569318723,4.9603977,3.6477356
22.510719390185805,4.3543677,3.6594944
22.560743211052884,5.2273884,4.063236
22.610767031919963,4.822854,4.141793
22.66079085278704,3.4008212,4.1837053
22.710814673654124,4.651722,4.049634
22.760838494521202,4.481725,4.532332
22.81086231538828,4.8985834,3.9411693
22.86088613625536,4.747035,3.7544987
22.910909957122442,4.524686,4.0308647
22.96093377798952,4.0331655,3.9357204
23.0109575988566,4.285796,4.6294622
23.060981419723678,4.4192085,4.3877053
23.11100524059076,5.3598886,3.8636038
23.16102906145784,5.126335,4.045401
23.211052882324918,3.9264538,3.9060283
23.261076703191996,3.5844007,3.7696128
23.31110052405908,3.6617682,3.797448
23.361124344926157,3.8413472,3.618622
23.411148165793236,4.274488,3.8827062
23.461171986660315,4.5411305,3.8223848
23.511195807527397,3.5450113,3.6625848
23.561219628394475,4.8366423,3.8691714
23.611243449261554,4.9045153,4.572821
23.661267270128633,4.1542144,4.0935774
23.711291090995715,5.015731,3.9534483
23.761314911862794,4.5640182,4.1259203
23.811338732729872,3.8812306,4.235366
23.86136255359695,4.1011705,3.9440668
23.911386374464033,3.7838645,3.7150261
23.961410195331112,3.9217196,4.645062
24.01143401619819,4.4430485,3.944907
24.06145783706527,5.461694,4.114107
24.11148165793235,3.9636729,4.135738
24.16150547879943,3.6026354,3.9524322
24.21152929966651,3.784684,3.8700976
24.261553120533588,3.4261436,4.06881
24.31157694140067,3.716474,3.6185174
24.36160076226775,3.9032402,3.764094
24.411624583134827,3.526185,4.229845
24.461648404001906,4.4808583,4.008673
24.511672224868988,4.37962,3.9294207
24.561696045736067,4.9818892,3.963975
24.611719866603146,4.8351884,3.9024565
24.661743687470224,4.539315,4.1344175
24.711767508337307,4.51307,4.1502433
24.761791329204385,3.74455,3.8945053
24.811815150071464,3.822993,3.804555
24.861838970938543,4.1883154,3.9247825
24.911862791805625,3.7293432,3.8155758
24.961886612672703,3.938047,3.8492618
25.011910433539782,3.8732383,4.0308514
25.06193425440686,3.7618604,3.9633088
25.111958075273943,3.8657095,3.74675
25.16198189614102,3.5652902,4.066295
25.2120057170081,3.5467796,4.1726913
25.26202953787518,3.7146022,3.8534255
25.31205335874226,3.7895968,3.9264846
25.36207717960934,3.5734434,3.5700438
25.41210100047642,4.58104,3.9487104
25.462124821343497,4.2582645,3.9216552
25.51214864221058,3.6780562,4.283207
25.56217246307766,3.5000062,4.5340376
25.612196283944737,3.7116883,3.7625732
25.662220104811816,3.9621923,3.8692925
25.712243925678894,3.9598846,3.8383527
25.762267746545977,3.5935667,3.6859913
25.812291567413055,3.6030207,3.692501
25.862315388280134,3.8105516,3.9361117
25.912339209147213,4.046868,3.9755173
25.962363030014295,4.0160985,4.06623
26.012386850881374,3.9442966,3.9340494
26.062410671748452,3.8052192,4.007209
26.11243449261553,3.6682417,3.7358851
26.162458313482613,3.697045,3.7009325
26.212482134349692,3.834989,4.1360927
26.26250595521677,3.9095023,3.9259133
26.31252977608385,3.9695601,3.719489
26.36255359695093,3.7793553,4.1143064
26.41257741781801,3.7742767,3.8224502
26.46260123868509,3.7164845,3.8615103
26.512625059552168,4.093883,3.8548539
26.56264888041925,3.8314867,4.2766504
26.61267270128633,3.7069788,3.950262
26.662696522153407,3.933261,3.835298
26.712720343020486,3.582594,4.3896856
26.762744163887568,3.8904772,4.1467915
26.812767984754647,3.4420836,3.6033165
26.862791805621725,3.916221,3.8872125
26.912815626488804,3.8863053,4.1521363
26.962839447355886,3.8507545,3.7681103
27.012863268222965,3.5778296,3.7521944
27.062887089090044,3.9375389,3.913186
27.112910909957122,4.0663943,4.3135257
27.162934730824205,4.1773014,4.1489024
27.212958551691283,3.9649782,3.8443866
27.262982372558362,3.6123762,3.8423033
27.31300619342544,3.7775552,3.8267946
27.363030014292523,4.16388,3.6283736
27.4130538351596,3.822459,3.6815917
27.46307765602668,3.6102138,3.8838694
27.51310147689376,3.648641,4.069278
27.56312529776084,4.2200413,3.7422643
27.61314911862792,4.953442,3.6754014
27.663172939495,4.611832,4.213402
27.713196760362077,3.928935,3.7628975
27.76322058122916,3.8540397,3.7711344
27.813244402096238,5.2301927,4.4411464
27.863268222963317,3.7314095,3.8895082
27.913292043830396,4.528975,3.9444149
27.963315864697478,4.5701776,4.406761
28.013339685564556,4.274147,3.6306117
28.063363506431635,3.5318322,3.6742327
28.113387327298714,5.191483,4.5316687
28.163411148165796,4.7437425,4.286026
28.213434969032875,5.2966123,4.5949583
28.263458789899953,4.9901834,4.3649435
28.313482610767032,4.686704,3.8518584
28.363506431634114,4.4672146,4.0173407
28.413530252501193,5.2092714,4.3040724
28.46355407336827,4.9550343,4.552174
28.51357789423535,4.7649665,3.883986
28.563601715102433,4.6968646,4.0853496
28.61362553596951,4.4506707,3.7587714
28.66364935683659,5.888722,4.179674
28.71367317770367,4.7832594,4.219152
28.76369699857075,5.183791,4.4607825
28.81372081943783,4.9269476,3.9337537
28.86374464030491,5.067987,4.1050563
28.913768461171987,5.2204795,4.2406363
28.96379228203907,5.589963,4.4037476
29.013816102906148,5.6600766,4.3048835
29.063839923773227,5.2720976,4.7716894
29.113863744640305,4.6698856,3.806814
29.163887565507387,5.168581,4.7365184
29.213911386374466,4.4820743,4.544918
29.263935207241545,5.343171,4.307349
29.313959028108624,4.9815226,4.1614513
29.363982848975706,4.6357546,3.6504817
29.414006669842784,4.6315293,3.75486
29.464030490709863,3.5764918,4.0082808
29.514054311576942,4.4979577,4.1036406
29.564078132444024,4.358918,4.219395
29.614101953311103,4.225236,4.0564885
29.66412577417818,5.4304056,4.144297
29.71414959504526,5.4304743,4.623781
29.764173415912342,5.0309043,3.8657346
29.81419723677942,5.2914004,3.6632621
29.8642210576465,5.5976076,4.304612
29.91424487851358,4.842618,4.320026
29.96426869938066,5.028096,4.1668816
30.01429252024774,4.6593847,4.29807
30.064316341114818,3.5687187,4.1924515
30.114340161981897,4.4794455,4.3529334
30.16436398284898,4.621809,4.1225295
30.214387803716058,4.3531556,4.1895285
30.264411624583136,4.293533,4.2538934
30.314435445450215,5.0356536,4.0951824
30.364459266317297,4.3564124,4.5417275
30.414483087184376,4.552825,4.338453
30.464506908051455,4.7937975,4.3166704
30.514530728918533,5.931688,4.5845356
30.564554549785615,4.4746075,4.087091
30.614578370652694,4.4328365,4.9220247
30.664602191519773,4.357292,4.3080654
30.71462601238685,4.38136,4.5147853
30.764649833253934,4.3725934,4.5301085
30.814673654121012,4.611712,3.7816205
30.86469747498809,4.8391476,4.2143683
30.91472129585517,4.3703136,4.174869
30.964745116722252,3.665403,3.929479
31.01476893758933,4.0360146,3.536847
31.06479275845641,4.6610746,4.1850796
31.114816579323488,5.203633,4.0758247
31.16484040019057,4.4386034,4.059685
31.21486422105765,4.844984,4.210594
31.264888041924728,4.588216,4.40772
31.314911862791806,4.747293,3.6912327
31.36493568365889,5.03581,4.2172656
31.414959504525967,4.288948,3.4992754
31.464983325393046,3.9462135,3.972019
31.515007146260125,4.1165214,3.8828335
31.565030967127207,4.4674325,3.5307837
31.615054787994286,4.326085,3.7849631
31.665078608861364,4.0659328,3.6657481
31.715102429728443,4.3743477,3.731537
31.765126250595525,5.042479,3.7315078
31.815150071462604,4.548032,4.232969
31.865173892329683,3.6413932,3.8493764
31.91519771319676,4.291049,3.9762087
31.965221534063843,4.21894,3.5895476
32.01524535493092,3.7006238,4.1385217
32.065269175798,4.1663227,3.8444538
32.11529299666508,5.296905,3.6797311
32.16531681753216,3.8518822,3.464162
32.21534063839924,4.1930904,3.629533
32.265364459266316,5.2986155,3.6518052
32.3153882801334,5.4548287,3.8810716
32.36541210100048,4.5615005,4.025512
32.415435921867555,4.3132477,3.9798293
32.46545974273464,4.0806284,3.9158854
32.51548356360172,4.800034,3.6987233
32.565507384468795,4.012446,3.7034268
32.61553120533588,3.699891,4.0373263
32.66555502620295,3.8948483,4.122872
32.715578847070034,3.5623245,4.051304
32.76560266793712,3.608198,4.130378
32.81562648880419,3.5279355,4.3561583
32.865650309671274,3.9189968,4.3118634
32.915674130538356,3.671585,4.2654963
32.96569795140543,3.9325297,3.8010497
33.015721772272514,3.4855976,4.035941
33.06574559313959,3.967415,4.4600534
33.11576941400667,3.491068,4.1581225
33.16579323487375,3.8457797,3.6761565
33.21581705574083,3.758985,3.9572177
33.26584087660791,3.77317,3.5596228
33.31586469747499,3.7433252,4.053973
33.36588851834207,3.8967168,3.8486538
33.41591233920915,4.080783,3.7236462
33.465936160076225,4.0658455,3.8747537
33.51595998094331,3.8359485,3.9500878
33.56598380181039,3.8485596,3.8659434
33.616007622677465,4.822994,4.139704
33.66603144354455,3.9826045,4.2618637
33.71605526441163,3.5549645,4.06084
33.766079085278704,4.105419,3.840275
33.81610290614579,3.8778422,3.7662747
33.86612672701286,3.6382322,3.7388816
33.916150547879944,3.8957784,3.5165482
33.966174368747026,3.7340646,3.4709644
34.0161981896141,3.8736925,4.0646534
34.066222010481184,3.9849896,4.5003495
34.116245831348266,4.54904,4.4361405
34.16626965221534,4.4121842,4.178711
34.21629347308242,4.4961386,4.318591
34.2663172939495,6.189797,3.5215247
34.31634111481658,4.263781,4.0871296
34.36636493568366,4.211368,3.3341231
34.41638875655074,4.413281,4.1919465
34.46641257741782,4.5272593,3.536948
34.5164363982849,3.7655256,3.6054442
34.56646021915198,4.3396087,4.5190005
34.61648404001906,4.5993404,3.833685
34.666507860886135,4.3903837,3.671037
34.71653168175322,4.5621943,3.9154062
34.7665555026203,4.086088,4.2401204
34.816579323487375,4.5995135,3.641075
34.86660314435446,3.7676144,4.6301894
34.91662696522154,3.7168531,3.8396766
34.966650786088614,4.1280885,3.9827986
35.016674606955696,4.0817347,3.5380638
35.06669842782277,3.8493884,3.5919979
35.116722248689854,4.604893,4.1616793
35.166746069556936,4.70323,4.3023405
35.21676989042401,3.8328376,3.9983323
35.26679371129109,4.4357862,4.2768855
35.316817532158176,4.1261663,3.790827
35.36684135302525,4.3790355,3.954053
35.41686517389233,3.5718284,4.036196
35.46688899475941,4.1199102,3.9680579
35.51691281562649,3.6102095,4.1179495
35.56693663649357,3.785615,4.0420814
35.61696045736065,3.9541478,3.8790119
35.66698427822773,4.259163,3.907127
35.71700809909481,4.320914,4.008049
35.76703191996189,4.4153605,4.66177
35.81705574082897,5.1270657,4.772838
35.867079561696045,4.008246,5.005016
35.91710338256313,4.320368,4.7072797
35.96712720343021,4.756164,4.5160646
36.017151024297284,4.742673,4.417449
36.06717484516437,4.5840554,4.952396
36.11719866603145,4.396861,5.2170515
36.167222486898524,4.172246,5.99739
36.217246307765606,4.3008165,4.751713
36.26727012863268,4.428138,5.455509
36.31729394949976,4.0930166,5.1197786
36.367317770366846,4.5213804,5.7198243
36.41734159123392,4.0185413,5.35363
36.467365412101,3.9537427,5.2197075
36.517389232968085,4.4435267,4.6891317
36.56741305383516,4.5725074,5.4439793
36.61743687470224,3.9784307,5.147822
36.66746069556932,4.041937,5.7519727
36.7174845164364,4.2145343,5.2012863
36.76750833730348,4.137805,5.281422
36.81753215817056,4.014947,5.325151
36.86755597903764,4.05501,5.7994456
36.91757979990472,3.6089854,5.184138
36.9676036207718,4.6241817,4.576024
37.01762744163888,3.832103,6.431283
37.067651262505954,4.08951,4.58859
37.11767508337304,3.8051429,4.1945066
37.16769890424012,4.014053,6.533229
37.217722725107194,4.9708214,4.8633246
37.267746545974276,4.02703,4.0655584
37.31777036684136,4.7958226,4.2244935
37.367794187708434,4.383039,4.110296
37.417818008575516,4.5254936,4.435006
37.46784182944259,3.9033952,4.290519
37.51786565030967,4.7179627,4.2868667
37.567889471176755,4.5917816,4.203739
37.61791329204383,4.240314,4.207451
37.66793711291091,3.925148,3.8908281
37.717960933777995,4.1217656,4.118789
37.76798475464507,4.307225,3.9268517
37.81800857551215,3.5847244,4.763808
37.86803239637923,4.1007476,4.6796393
37.91805621724631,4.954428,4.3595986
37.96808003811339,5.0916886,4.023895
38.01810385898047,4.627752,4.1361785
38.06812767984755,3.7296154,4.434248
38.11815150071463,4.2728887,4.9736147
38.16817532158171,4.4237046,4.2839108
38.21819914244879,3.9918118,4.2785435
38.268222963315864,3.5552473,4.253533
38.318246784182946,3.5471628,3.8776925
38.36827060505003,3.4929757,3.6904645
38.418294425917104,4.1977077,4.4360685
38.468318246784186,3.7802153,4.6437855
38.51834206765126,4.1079035,4.330267
38.56836588851834,4.1556683,3.8767312
38.618389709385426,4.1776443,4.136278
38.6684135302525,3.8551154,4.348051
38.71843735111958,3.765409,4.6065297
38.768461171986665,4.516609,4.120005
38.81848499285374,4.2726235,4.4970183
38.86850881372082,4.5741186,3.9398727
38.9185326345879,4.8808746,3.9177794
38.96855645545498,4.6978335,3.620813
39.01858027632206,4.709625,4.1446037
39.06860409718914,4.5656147,4.065904
39.11862791805622,4.9348054,3.718799
39.1686517389233,4.7661614,3.5428953
39.21867555979038,3.5137472,4.3041945
39.26869938065746,3.8956585,4.1137323
39.318723201524534,4.2446218,3.7280262
39.36874702239162,3.9220765,5.017885
39.4187708432587,4.8527236,3.9913492
39.468794664125774,4.912209,3.9985416
39.518818484992856,4.381436,4.4017143
39.56884230585994,4.234761,4.234673
39.61886612672701,4.286622,4.3236065
39.668889947594096,4.0000396,4.092385
39.71891376846117,3.907273,4.36496
39.76893758932825,4.264663,3.9386158
39.818961410195335,4.6166606,4.0705233
39.86898523106241,3.7735066,3.7399254
39.91900905192949,4.398766,4.0505614
39.969032872796575,4.613648,3.9341128
40.01905669366365,4.862327,4.054777
40.06908051453073,3.9854453,4.604617
40.11910433539781,5.0749087,3.9415412
40.16912815626489,4.0038805,3.909387
40.21915197713197,3.4414325,4.015457
40.26917579799905,4.216047,4.2119193
40.31919961886613,4.0773926,4.131729
40.36922343973321,3.9406683,4.0739117
40.41924726060029,4.389793,4.611407
40.46927108146737,5.3323812,4.540324
40.519294902334444,4.2874126,3.833231
40.569318723201526,4.0235476,4.021477
40.61934254406861,4.9078016,4.224948
40.669366364935684,4.0888267,3.9309206
40.719390185802766,4.597282,3.8524961
40.76941400666985,3.8690248,3.7162366
40.81943782753692,5.015325,4.2923985
40.869461648404005,5.1730223,4.2335377
40.91948546927108,3.9217892,4.1581783
40.96950929013816,5.1186604,4.124022
41.019533111005245,4.132367,3.7741313
41.06955693187232,4.525151,3.9739532
41.1195807527394,4.1982627,4.212178
41.169604573606485,4.596269,3.909154
41.21962839447356,4.342597,3.903018
41.26965221534064,4.777067,3.763237
41.31967603620772,4.1558986,4.1427555
41.3696998570748,4.2919545,4.255226
41.41972367794188,3.945445,4.2000694
41.46974749880896,4.792164,4.1774793
41.51977131967604,5.0444894,3.6544404
41.56979514054312,4.748588,4.027448
41.619818961410196,4.586518,4.1317706
41.66984278227728,3.7427812,3.6562884
41.719866603144354,3.9813936,3.6373606
41.769890424011436,4.789412,4.163905
41.81991424487852,4.8269315,4.2421026
41.86993806574559,4.6168146,3.9648988
41.919961886612676,4.9681063,3.8553383
41.96998570747976,4.310757,4.465056
42.02000952834683,4.283969,4.0086927
42.070033349213915,5.2985487,3.6398907
42.12005717008099,4.6606674,3.88631
42.17008099094807,4.6397095,3.7870004
42.220104811815155,3.8296056,3.9761922
42.27012863268223,5.0594454,4.20245
42.32015245354931,4.2955317,3.5389867
42.370176274416394,4.1721063,4.4452977
42.42020009528347,5.1155014,4.382699
42.47022391615055,4.425334,3.5952785
42.52024773701763,5.145011,3.9711883
42.57027155788471,4.3522315,4.019804
42.62029537875179,4.845625,4.0778008
42.670319199618866,4.5847406,3.9482343
42.72034302048595,4.423941,4.0836506
42.77036684135303,4.719218,3.7332416
42.820390662220106,4.72622,4.069534
42.87041448308719,4.2147303,3.7358155
42.92043830395426,4.4061747,3.9301205
42.970462124821346,4.223096,4.008624
43.02048594568843,4.2532434,4.103321
43.0705097665555,4.43771,3.9506648
43.120533587422585,4.9224744,4.755841
43.17055740828967,4.6346784,4.452975
43.22058122915674,4.546567,4.2950077
43.270605050023825,4.197489,4.439593
43.3206288708909,4.165138,3.984463
43.37065269175798,4.6361175,3.952661
43.420676512625064,5.1410127,4.272272
43.47070033349214,4.9102416,4.719294
43.52072415435922,4.358062,3.843824
43.570747975226304,4.8510103,4.205493
43.62077179609338,4.222046,3.8782504
43.67079561696046,4.9191403,4.288352
43.72081943782754,4.676357,3.7146292
43.77084325869462,4.7909627,4.1502934
43.8208670795617,4.9983425,4.1303515
43.870890900428776,4.6241446,3.7811148
43.92091472129586,3.9022412,4.819111
43.97093854216294,4.155466,4.4774313
44.020962363030016,5.0184574,4.0959673
44.0709861838971,4.125768,4.112543
44.12101000476417,4.671751,3.9886355
44.171033825631255,4.2263308,4.2351046
44.22105764649834,4.025786,4.3352976
44.27108146736541,3.8466673,4.023575
44.321105288232495,4.2379284,4.624123
44.37112910909958,3.8358474,5.2064104
44.42115292996665,4.7356644,4.7073383
44.471176750833735,4.27541,5.0688553
44.52120057170081,3.8927011,4.8751073
44.57122439256789,4.1565003,4.884339
44.621248213434974,4.544988,4.9394627
44.67127203430205,3.8039012,5.372157
44.72129585516913,3.5801044,5.8724933
44.771319676036214,3.7307236,5.6668224
44.82134349690329,4.830142,5.545344
44.87136731777037,3.738804,5.6434937
44.921391138637446,3.7710798,5.37319
44.97141495950453,3.4456935,5.486416
45.02143878037161,3.5868578,4.4664707
45.071462601238686,3.5362694,5.0451393
45.12148642210577,3.504366,5.878282
45.17151024297284,3.8376248,5.7049837
45.221534063839925,4.2711883,5.881574
45.27155788470701,3.5482814,4.8892727
45.32158170557408,3.5675526,5.5567656
45.371605526441165,3.5132499,5.7929416
45.42162934730825,3.7355754,6.0890865
45.47165316817532,3.6421986,5.9222627
45.521676989042405,3.630065,5.643136
45.57170080990948,3.5834315,5.0581594
45.62172463077656,3.8578596,4.3157096
45.671748451643644,3.795869,4.043453
45.72177227251072,3.4398963,4.674514
45.7717960933778,4.2120085,4.178141
45.821819914244884,3.8426905,4.594312
45.87184373511196,3.8828661,4.4722066
45.92186755597904,3.5102675,4.1563025
45.971891376846116,3.6444054,4.276914
46.0219151977132,3.5779617,4.253009
46.07193901858028,3.730643,4.0731077
46.121962839447356,3.7043283,4.840477
46.17198666031444,3.7113523,4.3182425
46.22201048118152,3.3759902,4.4597893
46.272034302048596,4.0628204,4.497595
46.32205812291568,3.5800707,4.4877462
46.37208194378275,3.5360918,5.6096573
46.422105764649835,3.4870503,5.8041143
46.47212958551692,3.771028,5.3139114
46.52215340638399,4.5890265,4.4262795
46.572177227251075,3.9077973,4.188263
46.62220104811816,3.4465802,4.2515745
46.67222486898523,3.4652452,4.751552
46.722248689852314,3.7780929,3.9923003
46.77227251071939,3.9300737,4.472968
46.82229633158647,3.8105912,4.664922
46.872320152453554,3.5083175,4.385324
46.92234397332063,3.718097,3.6432118
46.97236779418771,3.7721398,4.074896
47.022391615054794,4.1604085,4.146934
47.07241543592187,3.4928856,4.576661
47.12243925678895,3.7206838,4.549945
47.172463077656026,3.5341349,3.8602047
47.22248689852311,3.3375142,4.216171
47.27251071939019,3.6712332,3.8113437
47.322534540257266,4.2357426,4.183689
47.37255836112435,3.5219173,3.9666724
47.42258218199143,3.3799694,3.528759
47.472606002858505,3.5190964,4.019067
47.52262982372559,3.750947,3.8804603
47.57265364459266,3.8619175,3.9466982
47.622677465459745,3.7078137,4.4154954
47.67270128632683,3.8994412,3.731886
47.7227251071939,3.7796402,3.9121807
47.772748928060984,3.6313863,3.7262657
47.82277274892807,4.1614203,3.606496
47.87279656979514,3.7257237,3.975552
47.922820390662224,3.78147,3.9078166
47.9728442115293,3.9270663,3.8174782
48.02286803239638,4.1380677,3.7294219
48.072891853263464,3.471527,4.678939
48.12291567413054,4.273333,4.2757735
48.17293949499762,4.2149267,3.7720892
48.2229633158647,3.4394288,3.7618241
48.27298713673178,4.133197,3.7311416
48.32301095759886,4.6449795,4.119009
48.373034778465936,4.5300465,3.617622
48.42305859933302,3.5843167,3.473033
48.4730824202001,4.252147,3.5705419
48.523106241067175,3.7647996,4.263109
48.57313006193426,3.6081119,3.8897986
48.62315388280134,3.5172834,3.9005935
48.673177703668415,3.9994862,4.324134
48.7232015245355,3.9958205,3.7813532
48.77322534540257,3.7705195,3.7208998
48.823249166269655,3.8040807,3.8069715
48.87327298713674,3.5649753,4.470878
48.92329680800381,3.8123095,3.8015082
48.973320628870894,4.1244335,4.09458
49.023344449737976,4.164485,4.072975
49.07336827060505,4.4653444,4.257869
49.123392091472134,3.9543743,3.8969903
49.17341591233921,4.610001,4.1078815
49.22343973320629,4.726583,3.4458518
49.27346355407337,4.8106346,3.9466193
49.32348737494045,4.869284,4.071747
49.37351119580753,5.0635433,3.9870238
49.42353501667461,4.705468,3.7842293
49.47355883754169,4.80239,3.9042375
49.52358265840877,4.7302322,3.8494527
49.573606479275846,4.86879,3.647425
49.62363030014293,4.517015,3.6633372
49.67365412101001,4.6312423,3.9930038
49.723677941877085,4.691621,3.8695817
49.77370176274417,4.3784504,4.098461
49.82372558361125,4.992801,4.019771
49.873749404478325,4.9442263,4.3764987
49.92377322534541,4.0116415,4.8253384
49.97379704621248,4.819599,4.0077853
50.023820867079564,4.107037,4.273802
50.07384468794665,3.9791691,3.767803
50.12386850881372,4.5558233,4.1973743
50.173892329680804,4.901263,3.5886028
50.223916150547886,4.532551,4.0789285
50.27393997141496,4.0558953,3.767378
50.32396379228204,5.293456,3.791404
50.37398761314912,5.0736766,4.0405574
50.4240114340162,4.938859,3.745709
50.47403525488328,4.1213813,4.2879705
50.52405907575036,4.1117506,4.167538
50.57408289661744,3.8423083,4.1652927
50.62410671748452,5.5340285,4.400702
50.6741305383516,3.9340723,4.4306436
50.72415435921868,4.980411,4.406865
50.774178180085755,4.61593,4.5700097
50.82420200095284,4.2679224,4.657448
50.87422582181992,4.230923,4.590406
50.924249642686995,4.1502004,3.834526
50.97427346355408,4.159815,4.198307
51.02429728442116,4.756986,3.8042662
51.074321105288234,4.3846946,3.6635125
51.12434492615532,4.1019626,3.595033
51.17436874702239,4.7941017,4.5130033
51.224392567889474,4.509886,4.019369
51.274416388756556,4.5920873,4.175714
51.32444020962363,5.407968,4.214734
51.374464030490714,4.2201996,3.9756188
51.42448785135779,4.4102182,4.408197
51.47451167222487,4.684097,3.9775047
51.52453549309195,4.486429,4.388991
51.57455931395903,4.815258,4.11831
51.62458313482611,4.858793,4.077421
51.67460695569319,4.5963445,3.2581682
51.72463077656027,4.7851105,4.140285
51.77465459742735,4.48394,4.466125
51.824678418294425,5.0584607,4.197782
51.87470223916151,4.8233323,4.046629
51.92472606002859,4.3817024,4.3277164
51.974749880895665,4.390065,4.5383277
52.02477370176275,3.986178,4.1385775
52.07479752262983,4.656771,4.154958
52.124821343496905,4.4438863,4.038173
52.17484516436399,4.6569486,4.379172
52.22486898523106,4.79855,4.3890386
52.274892806098144,4.917812,4.00115
52.324916626965226,5.013034,3.7660716
52.3749404478323,4.2200418,3.7650063
52.424964268699384,5.0270696,3.7456596
52.474988089566466,3.8356009,3.5806916
52.52501191043354,5.471582,4.1384773
52.57503573130062,4.742305,4.1066294
52.6250595521677,5.1005325,3.8376954
52.67508337303478,4.6284657,4.196034
52.72510719390186,4.753309,4.4842033
52.77513101476894,4.9474874,4.1853957
52.82515483563602,4.809573,4.436967
52.8751786565031,4.0595655,3.7921104
52.92520247737018,3.9562008,4.129366
52.97522629823726,3.822372,3.560195
53.025250119104335,4.0760093,3.74886
53.07527393997142,4.0032883,3.6627579
53.1252977608385,5.101065,3.717108
53.175321581705575,4.369716,3.6036425
53.22534540257266,4.6022406,4.119028
53.27536922343974,4.1342216,3.825692
53.325393044306814,3.6436539,4.7662144
53.3754168651739,3.611589,4.0544696
53.42544068604097,3.7685618,4.4023943
53.475464506908054,4.0325985,3.732798
53.525488327775136,3.6341474,4.106253
53.57551214864221,3.8308282,4.1384134
53.62553596950929,4.5557504,4.048652
53.675559790376376,4.0802794,4.187319
53.72558361124345,4.5727344,4.2192717
53.77560743211053,3.81636,4.4230266
53.82563125297761,4.3107843,3.6694841
53.87565507384469,3.4607923,5.027811
53.92567889471177,4.3177443,4.768364
53.97570271557885,3.7658858,4.0671453
54.02572653644593,3.6727703,3.8890252
54.07575035731301,3.7724423,4.0102167
54.12577417818009,4.1389546,3.7817967
54.17579799904717,4.077769,3.7627606
54.225821819914245,3.7318168,3.6938663
54.27584564078133,3.6389565,3.776784
54.32586946164841,3.5631728,4.3104963
54.375893282515484,4.9124656,4.095735
54.42591710338257,4.5455365,4.2298512
54.47594092424965,4.393385,4.08667
54.525964745116724,3.939781,3.8134737
54.575988565983806,3.7682061,4.2304735
54.62601238685088,4.7763042,3.6766577
54.676036207717964,4.23888,3.7503214
54.726060028585046,3.8364367,3.6828766
54.77608384945212,4.3953967,3.806951
54.8261076703192,4.033534,4.0028706
54.876131491186285,4.7360697,3.9441493
54.92615531205336,3.5099082,4.067373
54.97617913292044,3.6330214,4.0257363
55.02620295378752,3.6112463,4.0245
55.0762267746546,3.8353376,3.960043
55.12625059552168,3.9549387,4.0854206
55.17627441638876,3.9759889,4.1919103
55.22629823725584,4.0656247,4.2081995
55.27632205812292,4.0136237,4.2953777
55.32634587899,3.744725,4.5046477
55.37636969985708,3.325818,4.4186788
55.426393520724154,4.044005,3.9204922
55.47641734159124,3.6355495,4.3693385
55.52644116245832,3.4304743,4.6982536
55.576464983325394,3.8479452,4.134118
55.626488804192476,3.7102013,4.6214666
55.67651262505956,3.6635156,3.9432132
55.726536445926634,3.6097803,3.7388947
55.776560266793716,4.066873,4.081411
55.82658408766079,3.7137198,4.0022497
55.87660790852787,4.4002504,4.2435703
55.926631729394956,3.5007625,4.133712
55.97665555026203,4.000162,3.5562072
56.02667937112911,4.0107403,4.412438
56.076703191996195,3.4060452,4.353898
56.12672701286327,3.9292274,4.2365866
56.17675083373035,4.025249,4.1052766
56.22677465459743,3.5254812,3.725003
56.27679847546451,3.5342689,4.004092
56.32682229633159,4.0457706,4.227785
56.37684611719867,4.2815137,4.3069954
56.42686993806575,3.6960316,4.1239367
56.47689375893283,3.3159308,4.1452327
56.52691757979991,3.669598,4.1211057
56.57694140066699,3.6464381,4.42824
56.626965221534064,3.969853,4.3421335
56.676989042401146,4.735882,3.9684656
56.72701286326823,3.5693696,4.428952
56.777036684135304,4.120818,3.9342456
56.827060505002386,3.8980043,3.7895706
56.87708432586947,3.942534,5.2611094
56.92710814673654,4.212837,3.975693
56.977131967603626,3.9803338,3.9679286
57.0271557884707,4.5322137,4.207407
57.07717960933778,3.6905642,4.46711
57.127203430204865,4.1473284,4.211842
57.17722725107194,3.8382483,3.9719582
57.22725107193902,4.1948123,3.8082213
57.277274892806105,3.7018619,3.748653
57.32729871367318,3.9678242,3.9266875
57.37732253454026,4.0871043,4.0505114
57.42734635540734,3.9730456,4.020745
57.47737017627442,4.313454,4.371523
57.5273939971415,4.5350103,4.4961724
57.57741781800858,3.3753908,4.3197494
57.62744163887566,3.9086084,4.4326177
57.677465459742734,4.056098,3.489221
57.72748928060982,3.7704918,4.1037974
57.7775131014769,3.694483,4.1208634
57.827536922343974,4.097453,3.5533934
57.877560743211056,3.6825285,4.312481
57.92758456407814,4.0344334,4.44515
57.97760838494521,3.5563283,4.061974
58.027632205812296,3.4972522,4.488537
58.07765602667937,4.0900664,4.1534324
58.12767984754645,4.448294,4.139675
58.177703668413535,3.5976753,4.1798687
58.22772748928061,3.4411361,4.166133
58.27775131014769,3.436082,3.759601
58.327775131014775,4.105979,4.0719585
58.37779895188185,4.2714934,3.8237538
58.42782277274893,3.933046,4.203448
58.47784659361601,4.1052704,4.0684123
58.52787041448309,3.831378,4.234033
58.57789423535017,4.4848056,3.8968136
58.62791805621725,3.8155162,3.9960263
58.67794187708433,3.639464,4.011379
58.72796569795141,3.5933685,3.82908
58.77798951881849,3.5804365,3.6772442
58.82801333968557,3.981638,4.3943586
58.878037160552644,4.150725,4.071756
58.928060981419726,4.280992,3.9853592
58.97808480228681,3.7613523,4.1827517
59.028108623153884,3.9133132,4.2610865
59.078132444020966,3.7796867,3.6976833
59.12815626488805,4.6524973,3.7703881
59.17818008575512,4.3616476,4.213493
59.228203906622205,4.017785,4.4465275
59.27822772748928,4.389675,3.94141
59.32825154835636,4.6958027,3.8761587
59.378275369223445,4.0663285,4.1973953
59.42829919009052,3.8463542,4.0948153
59.4783230109576,3.9056394,3.979104
59.528346831824685,3.6392002,4.0812373
59.57837065269176,4.3110933,3.896935
59.62839447355884,3.844468,4.004719
59.67841829442592,3.8817046,4.2369328
59.728442115293,3.7958107,4.2222004
59.77846593616008,4.0819607,3.8762078
59.82848975702716,3.7517502,4.320262
59.87851357789424,4.088345,4.1129236
59.92853739876132,3.3814335,4.199117
59.978561219628396,3.7243721,3.912304
60.02858504049548,4.0825834,3.870213
60.078608861362554,3.385499,3.993465
60.128632682229636,3.5879347,3.9518418
60.17865650309672,3.6941445,4.04924
60.22868032396379,3.9393756,3.8687525
60.278704144830876,5.1120577,4.2243104
60.32872796569796,4.4997883,3.7794151
60.37875178656503,3.63872,3.936064
60.428775607432115,3.9884038,4.083877
60.47879942829919,4.0803666,3.6709433
60.52882324916627,3.9068103,3.8466663
60.578847070033355,3.5731351,4.640152
60.62887089090043,4.0455875,4.3295135
60.67889471176751,3.5828998,4.088204
60.728918532634594,3.859891,3.9608078
60.77894235350167,3.8312924,4.4193897
60.82896617436875,3.6537275,3.9556165
60.87898999523583,4.33192,3.8429282
60.92901381610291,4.003345,4.6029587
60.97903763696999,3.8837745,3.749069
61.02906145783707,3.8136296,3.509674
61.07908527870415,3.7167196,3.855642
61.12910909957123,3.8493025,4.0346303
61.179132920438306,3.5147572,3.8173876
61.22915674130539,4.0640097,4.2658653
61.27918056217246,3.8066266,4.2016706
61.329204383039546,3.4857688,4.119764
61.37922820390663,4.043451,3.5870707
61.4292520247737,3.8307085,4.328953
61.479275845640785,4.144562,3.572049
61.52929966650787,4.35128,3.7366748
61.57932348737494,4.015265,3.9875164
61.629347308242025,3.8975713,4.169577
61.6793711291091,4.116734,3.9497957
61.72939494997618,3.4663544,4.281166
61.779418770843264,3.4984324,4.0167723
61.82944259171034,3.658162,4.2484794
61.87946641257742,3.5974505,3.7840924
61.929490233444504,3.8175955,3.9123993
61.97951405431158,3.7297895,3.9614868
62.02953787517866,3.6485243,4.3412795
62.07956169604574,3.6835175,4.115223
62.12958551691282,3.4996052,4.3684525
62.1796093377799,3.8306527,4.1141644
62.229633158646976,3.4980168,3.650834
62.27965697951406,3.8433347,4.4204063
62.32968080038114,3.772247,4.326906
62.379704621248216,4.0176587,4.1926317
62.4297284421153,3.762621,3.7246523
62.47975226298237,4.0100403,4.0765357
62.529776083849455,3.930294,3.5443594
62.57979990471654,4.00109,4.9121566
62.62982372558361,4.128992,4.0569563
62.679847546450695,4.0131626,4.0344744
62.72987136731778,3.8263986,4.0321207
62.77989518818485,3.832107,4.7280617
62.829919009051935,3.6355038,4.5256023
62.87994282991901,3.9591455,4.645416
62.92996665078609,4.275028,4.3901577
62.979990471653174,4.112931,4.393
63.03001429252025,3.8884857,5.2547874
63.08003811338733,3.5037932,3.7883801
63.130061934254414,3.539168,3.9464788
63.18008575512149,3.986089,3.9524317
63.23010957598857,3.7634811,4.1624002
63.280133396855646,3.5840771,3.7399056
63.33015721772273,3.3618462,4.276485
63.38018103858981,3.5020914,4.3759394
63.430204859456886,3.894577,4.3461986
63.48022868032397,3.3410692,4.310765
63.53025250119105,3.8234243,4.4467444
63.580276322058126,3.8546963,4.4391932
63.63030014292521,3.5793815,3.8044248
63.68032396379228,3.6197865,3.9309015
63.730347784659365,3.5094185,4.4013457
63.78037160552645,3.5470107,4.214072
63.83039542639352,3.7272897,3.7818322
63.880419247260605,4.0864654,4.4476156
63.93044306812769,4.025924,4.1096625
63.98046688899476,3.6278818,4.3757887
64.03049070986184,3.7624316,4.2483025
64.08051453072892,3.992498,3.9674685
64.130538351596,4.1248136,3.7892652
64.18056217246308,3.6851003,3.9789722
64.23058599333017,3.773295,4.4442945
64.28060981419723,4.4429,3.8099124
64.33063363506432,4.595571,3.8652112
64.3806574559314,4.263691,4.669016
64.43068127679848,4.341996,3.8776062
64.48070509766556,4.4504957,4.9635177
64.53072891853263,4.0892377,3.8768048
64.58075273939971,4.126912,4.7427874
64.6307765602668,4.014113,4.2411137
64.68080038113388,3.8443322,4.471466
64.73082420200096,3.5551004,4.1146355
64.78084802286804,3.6275973,4.249391
64.83087184373511,3.9387317,4.385478
64.88089566460219,4.348386,4.658997
64.93091948546927,3.4679322,4.105438
64.98094330633636,4.0046268,3.9481692
65.03096712720344,4.894323,4.149542
65.08099094807051,4.1013784,3.532417
65.13101476893759,4.1809173,3.7196004
65.18103858980467,3.9869175,4.1960855
65.23106241067175,4.2336044,4.22355
65.28108623153884,4.58813,4.501301
65.3311100524059,4.6419663,3.774432
65.38113387327299,4.655833,4.311943
65.43115769414007,4.266111,3.672253
65.48118151500715,5.1195574,4.526439
65.53120533587423,4.5628414,4.418667
65.58122915674132,4.4392757,4.343069
65.63125297760838,4.0118904,3.9574037
65.68127679847547,4.420504,4.1402445
65.73130061934255,4.4713964,3.8402221
65.78132444020963,4.5313797,3.8309956
65.83134826107671,4.8348885,4.326641
65.88137208194378,4.4002576,3.7741308
65.93139590281086,4.4983697,3.993797
65.98141972367794,3.8142939,3.5585084
66.03144354454503,4.0420694,3.7514849
66.08146736541211,4.289154,4.505074
66.13149118627918,4.309684,3.8340714
66.18151500714626,3.7039495,4.2900925
66.23153882801334,3.8626196,3.7870417
66.28156264888042,4.8324814,3.4979296
66.3315864697475,4.884462,4.183075
66.38161029061459,5.001174,3.9376392
66.43163411148166,5.292717,3.9835784
66.48165793234874,5.5984497,4.865998
66.53168175321582,4.9941816,4.2850556
66.5817055740829,4.786022,3.9768958
66.63172939494999,3.954651,3.7628076
66.68175321581705,4.164466,3.5260236
66.73177703668414,5.138964,3.7465475
66.78180085755122,5.0898104,4.1320333
66.8318246784183,5.087508,4.3595786
66.88184849928538,5.2729936,4.337564
66.93187232015245,4.5553493,3.787754
66.98189614101953,5.693545,4.9123855
67.03191996188662,5.018024,4.087901
67.0819437827537,4.472829,4.3864536
67.13196760362078,4.5987506,3.802302
67.18199142448786,4.9174433,4.0850363
67.23201524535493,4.8234835,4.4103837
67.28203906622201,4.6308393,4.3829565
67.3320628870891,4.7392573,3.8140993
67.38208670795618,5.09848,4.28725
67.43211052882326,4.112248,4.086441
67.48213434969033,5.0720053,4.115848
67.53215817055741,4.2622967,4.671338
67.58218199142449,4.8939414,4.299331
67.63220581229157,4.009697,4.32699
67.68222963315866,3.7096272,5.3114076
67.73225345402572,4.4808226,5.5731907
67.7822772748928,3.6509428,5.283029
67.83230109575989,4.7148843,5.1804123
67.88232491662697,4.0561767,5.4921455
67.93234873749405,4.767798,4.1612663
67.98237255836113,4.307702,4.0876403
68.0323963792282,5.0625796,4.4108114
68.08242020009529,4.8399577,4.0504603
68.13244402096237,4.8754206,3.8504906
68.18246784182945,4.433088,4.9903083
68.23249166269653,4.302613,5.3030386
68.2825154835636,3.5845015,5.649171
68.33253930443068,4.278086,5.5429354
68.38256312529776,4.718876,4.9715266
68.43258694616485,4.872312,4.8427777
68.48261076703193,4.1649666,4.663719
68.532634587899,4.5678883,4.843803
68.58265840876608,3.752521,6.2652965
68.63268222963316,4.592242,4.0153317
68.68270605050024,4.680468,4.2396445
68.73272987136733,4.7801905,4.0680723
68.78275369223441,4.7591467,3.8508625
68.83277751310148,4.275393,4.183684
68.88280133396856,3.5335584,3.7271287
68.93282515483564,3.779967,4.2140145
68.98284897570272,4.5207915,4.1106553
69.0328727965698,4.441435,4.807854
69.08289661743687,4.553653,4.4860272
69.13292043830396,4.841718,3.98381
69.18294425917104,4.4423575,4.1135063
69.23296808003812,3.8273656,4.2880874
69.2829919009052,4.9768553,3.9749048
69.33301572177227,3.7854514,4.7597275
69.38303954263935,4.3383503,4.3442383
69.43306336350643,3.7264407,4.2555127
69.48308718437352,4.183602,5.125051
69.5331110052406,3.37265,4.3156524
69.58313482610768,3.7293031,4.5937166
69.63315864697475,4.02374,3.6247654
69.68318246784183,3.905768,4.1390114
69.73320628870891,4.000648,4.2495337
69.783230109576,3.993979,3.672472
69.83325393044308,3.8582466,3.917306
69.88327775131015,3.4007895,3.8654993
69.93330157217723,3.7188225,4.440699
69.98332539304431,4.888218,3.7519045
70.03334921391139,4.440903,3.922091
70.08337303477848,4.472311,4.34148
70.13339685564554,4.1017356,3.7056727
70.18342067651263,4.250366,3.6777303
70.23344449737971,4.6175647,4.1029544
70.28346831824679,4.1567283,3.715737
70.33349213911387,4.2664814,3.7619126
70.38351595998095,4.000917,4.02546
70.43353978084802,4.2589064,4.145681
70.4835636017151,4.1714115,3.8672352
70.53358742258219,4.3955574,3.8717713
70.58361124344927,4.0924497,3.8447604
70.63363506431635,5.0910225,4.0039105
70.68365888518342,4.6410313,3.4726725
70.7336827060505,4.247051,4.4847226
70.78370652691758,4.987292,4.04628
70.83373034778467,3.7847126,3.9265404
70.88375416865175,4.4554486,4.2650447
70.93377798951882,5.0031943,4.6237397
70.9838018103859,4.339847,4.0482993
71.03382563125298,4.368569,3.9784074
71.08384945212006,4.121657,3.9981487
71.13387327298715,3.8431776,3.7160492
71.18389709385421,4.1598797,3.950207
71.2339209147213,4.2764487,4.029278
71.28394473558838,4.2467446,3.6660943
71.33396855645546,4.7344975,3.4589128
71.38399237732254,4.6981864,4.0735617
71.43401619818962,4.6878285,3.8865342
71.48404001905669,5.0893636,4.0868998
71.53406383992377,4.588187,3.842487
71.58408766079086,4.653165,3.8031693
71.63411148165794,4.4623275,3.7782595
71.68413530252502,5.6346045,4.4645977
71.73415912339209,5.8177204,4.2599783
71.78418294425917,4.1195674,3.88836
71.83420676512625,4.380852,3.8314393
71.88423058599334,4.255171,3.7620668
71.93425440686042,4.92106,4.398541
71.98427822772749,5.7724733,4.0679855
72.03430204859457,4.920329,3.8892846
72.08432586946165,4.4179926,4.5387735
72.13434969032873,3.862816,3.6347508
72.18437351119582,5.423966,4.1608925
72.2343973320629,5.1521544,4.205509
72.28442115292997,4.2957215,3.6876547
72.33444497379705,3.8841038,4.2093782
72.38446879466413,4.342958,4.0884795
72.43449261553121,3.7066045,4.1006484
72.4845164363983,4.170844,4.364405
72.53454025726536,4.521315,3.8015466
72.58456407813244,3.8522902,4.652315
72.63458789899953,4.1916795,4.347117
72.68461171986661,3.71346,4.8199887
72.73463554073369,4.528252,3.8127003
72.78465936160076,4.411984,4.074196
72.83468318246784,3.9539587,3.839559
72.88470700333492,4.1842966,3.8714395
72.934730824202,3.8620207,3.843187
72.98475464506909,3.9506612,3.5946739
73.03477846593617,3.952918,4.000264
73.08480228680324,4.027613,3.8422987
73.13482610767032,4.478492,3.842104
73.1848499285374,4.314348,3.8869154
73.23487374940449,4.3556523,4.066648
73.28489757027157,4.7019677,4.0029373
73.33492139113864,3.785201,3.7008522
73.38494521200572,4.0062513,4.618979
73.4349690328728,4.196395,3.907414
73.48499285373988,3.5630379,4.3588524
73.53501667460696,4.5142407,4.2946234
73.58504049547403,4.3907137,4.143573
73.63506431634111,4.217617,4.6690874
73.6850881372082,3.9548883,4.698321
73.73511195807528,4.390237,4.5606756
73.78513577894236,3.8409212,5.670299
73.83515959980944,3.5607843,4.5482597
73.88518342067651,4.4612656,4.2952757
73.9352072415436,4.1899858,3.6894789
73.98523106241068,3.9004276,3.5164442
74.03525488327776,4.3768573,3.6619475
74.08527870414484,4.4750814,3.6002543
74.13530252501191,4.393682,3.9112167
74.18532634587899,4.13403,4.0964994
74.23535016674607,4.0638294,3.7989213
74.28537398761316,4.0953546,3.5943394
74.33539780848024,3.7790892,3.5290265
74.3854216293473,3.6297994,4.003622
74.43544545021439,4.045556,4.06049
74.48546927108147,4.904141,4.1482525
74.53549309194855,4.1523795,4.365928
74.58551691281563,4.303525,3.911519
74.63554073368272,4.534114,3.9966626
74.68556455454979,4.7439103,4.234199
74.73558837541687,4.772602,4.2998047
74.78561219628395,4.612908,3.7991116
74.83563601715103,4.175499,3.810886
74.88565983801811,4.1773367,4.3922315
74.93568365888518,4.86752,4.469413
74.98570747975226,3.6453795,4.347655
75.03573130061935,4.7246733,3.8664796
75.08575512148643,4.0699835,3.8700345
75.13577894235351,4.0048485,3.9449394
75.18580276322058,3.76199,3.8382154
75.23582658408766,4.3013134,3.7939334
75.28585040495474,3.8637109,4.0278306
75.33587422582183,4.0196867,3.9105182
75.38589804668891,3.5178933,3.5459862
75.43592186755599,4.134597,3.9826176
75.48594568842306,4.2587733,4.0281906
75.53596950929014,4.2847967,4.114589
75.58599333015722,3.9636698,3.6093948
75.6360171510243,3.9684227,4.699792
75.68604097189139,3.7997432,3.735567
75.73606479275846,3.9940083,3.9178047
75.78608861362554,3.5700502,3.8466027
75.83611243449262,3.4698133,4.382593
75.8861362553597,3.6798906,4.0722713
75.93616007622678,3.71977,3.979895
75.98618389709385,4.157728,3.670255
76.03620771796093,3.7668095,3.78437
76.08623153882802,4.144332,4.810192
76.1362553596951,3.787691,3.9841099
76.18627918056218,4.4450574,3.672371
76.23630300142926,4.099662,4.344625
76.28632682229633,4.082804,4.149625
76.33635064316341,4.168406,3.9551797
76.3863744640305,4.1409416,3.925403
76.43639828489758,3.5160077,3.9328191
76.48642210576466,3.8532295,4.145568
76.53644592663173,3.7444267,4.0116253
76.58646974749881,3.4375951,3.761464
76.63649356836589,3.7318265,3.6415875
76.68651738923298,3.9844987,3.8145802
76.73654121010006,3.7425807,4.13691
76.78656503096713,3.6304498,3.9137223
76.83658885183421,3.8994207,3.6538653
76.88661267270129,4.5067396,4.074279
76.93663649356837,3.9385102,3.4391854
76.98666031443545,4.1807904,4.210659
77.03668413530252,4.4064293,3.747916
77.0867079561696,3.6095052,4.167276
77.13673177703669,4.2457,4.2600074
77.18675559790377,3.746204,3.9083314
77.23677941877085,3.7107215,4.0840154
77.28680323963793,4.246379,4.2096896
77.336827060505,4.1582565,4.153805
77.38685088137208,4.0386553,3.8393543
77.43687470223917,3.7246478,4.297388
77.48689852310625,4.061819,3.990041
77.53692234397333,3.7667189,3.8957846
77.5869461648404,3.8526711,3.8191843
77.63696998570748,3.6525917,3.9299302
77.68699380657456,3.777092,3.9170837
77.73701762744165,4.4193115,3.8312128
77.78704144830873,4.212639,3.848353
77.8370652691758,3.5721543,3.7810075
77.88708909004288,4.109349,3.9552617
77.93711291090996,3.7852993,3.9395287
77.98713673177704,4.302882,3.8174999
78.03716055264412,3.9381213,3.7153864
78.0871843735112,4.3774548,3.8530793
78.13720819437827,3.64295,4.320827
78.18723201524536,3.605338,3.7417934
78.23725583611244,3.8212824,4.19576
78.28727965697952,3.6965199,3.962832
78.3373034778466,3.925167,3.736878
78.38732729871367,3.8362052,3.4802718
78.43735111958075,3.543673,4.1136556
78.48737494044784,4.245624,3.7886467
78.53739876131492,4.788639,3.808805
78.587422582182,4.4415817,3.9690323
78.63744640304907,4.2063684,4.3869305
78.68747022391615,5.0103483,4.0305696
78.73749404478323,4.8245144,4.5350494
78.78751786565032,4.6788683,4.1293945
78.8375416865174,4.363975,3.6832082
78.88756550738448,4.0646024,4.094557
78.93758932825155,4.1625953,4.20577
78.98761314911863,3.5079002,4.326292
79.03763696998571,3.8242455,4.058302
79.0876607908528,4.6769814,3.740497
79.13768461171988,4.829311,4.1852846
79.18770843258694,4.847581,4.317935
79.23773225345403,4.822185,4.053253
79.28775607432111,4.8709946,4.392045
79.33777989518819,3.7074237,3.9922678
79.38780371605527,4.8533053,4.2318316
79.43782753692234,4.4219074,4.0180435
79.48785135778942,4.8542576,4.3075485
79.5378751786565,3.8402345,4.553905
79.58789899952359,4.041683,4.933411
79.63792282039067,4.4462414,4.0836005
79.68794664125775,4.934507,4.328744
79.73797046212482,4.12373,3.7205622
79.7879942829919,5.0462775,3.9116921
79.83801810385899,4.8746257,3.6698773
79.88804192472607,4.8005285,4.123483
79.93806574559315,4.63466,4.193954
79.98808956646022,4.7043233,4.434714
80.0381133873273,4.2807345,3.9309394
80.08813720819438,4.2799644,4.7974706
80.13816102906146,5.303211,4.115564
80.18818484992855,4.3787484,3.7577481
80.23820867079561,3.8958335,4.4585924
80.2882324916627,4.433804,4.6131234
80.33825631252978,4.8644676,4.1885066
80.38828013339686,5.1608615,4.416377
80.43830395426394,3.9662695,4.3024797
80.48832777513103,3.9113317,4.454383
80.5383515959981,3.9774404,3.878717
80.58837541686518,3.7893057,4.087885
80.63839923773226,3.850985,4.216081
80.68842305859934,4.5019097,4.1671247
80.73844687946642,4.396302,3.9532886
80.78847070033349,4.515324,3.6450765
80.83849452120057,4.4297853,4.169897
80.88851834206766,4.5552197,4.0450554
80.93854216293474,5.3603,4.0301747
80.98856598380182,4.729305,4.0281816
81.03858980466889,5.065966,3.8763852
81.08861362553597,4.5448856,4.0343943
81.13863744640305,4.644551,4.1145597
81.18866126727013,4.200339,4.6548514
81.23868508813722,4.8207855,4.648171
81.2887089090043,4.7346654,4.573871
81.33873272987137,3.7866518,6.1192107
81.38875655073845,3.7839084,4.474921
81.43878037160553,3.6099098,5.519638
81.48880419247261,4.5617385,4.7739606
81.5388280133397,4.1418686,4.105872
81.58885183420676,4.775278,4.2945824
81.63887565507385,4.6620326,3.8674953
81.68889947594093,4.579542,4.339228
81.73892329680801,4.4461074,3.9870822
81.7889471176751,4.447885,4.7212667
81.83897093854216,4.6900444,4.1467896
81.88899475940924,4.2685995,5.7740126
81.93901858027633,3.8530135,5.2333717
81.98904240114341,4.0936246,4.6323805
82.03906622201049,4.8410244,3.8860533
82.08909004287757,4.050478,3.9292188
82.13911386374464,4.500969,3.8376808
82.18913768461172,4.040249,3.8364089
82.2391615054788,4.16839,3.7749028
82.28918532634589,4.2590785,3.543748
82.33920914721297,4.755418,4.1541076
82.38923296808004,4.831044,4.619973
82.43925678894712,4.0428257,4.995727
82.4892806098142,3.6265726,4.5201616
82.53930443068128,3.910287,4.498254
82.58932825154837,4.8628016,5.308217
82.63935207241543,4.358308,4.034761
82.68937589328252,4.1692667,3.8274198
82.7393997141496,4.5525675,4.09025
82.78942353501668,4.6533723,3.91135
82.83944735588376,4.055124,4.031591
82.88947117675085,4.801966,4.1174393
82.93949499761791,3.8117478,3.8393426
82.989518818485,4.0454206,3.8899035
83.03954263935208,3.9642568,3.7213674
83.08956646021916,4.150542,4.180525
83.13959028108624,4.7684174,3.5662055
83.18961410195331,4.447795,3.829628
83.23963792282039,5.102408,4.080766
83.28966174368747,3.910551,3.8150287
83.33968556455456,4.3878927,4.1934247
83.38970938542164,4.273686,4.273419
83.43973320628871,4.4337873,4.901951
83.48975702715579,4.0696707,4.0117517
83.53978084802287,4.307204,4.4270277
83.58980466888995,3.7101007,3.9350414
83.63982848975704,3.7353764,4.479579
83.6898523106241,4.2829,5.0270123
83.73987613149119,4.1379046,5.0727987
83.78989995235827,3.862531,4.833434
83.83992377322535,4.2847576,5.043072
83.88994759409243,4.486092,4.250386
83.93997141495952,3.9350643,4.2345996
83.98999523582658,3.7996957,4.4697957
84.04001905669367,4.4154224,4.0521083
84.09004287756075,3.599022,3.979639
84.14006669842783,3.7289681,4.052398
84.19009051929491,4.0668263,4.1505833
84.24011434016198,3.7078419,4.1681986
84.29013816102906,4.072095,4.097271
84.34016198189614,3.81796,3.9613304
84.39018580276323,5.150018,3.981629
84.44020962363031,4.3636503,3.7875934
84.49023344449738,5.137181,4.2197065
84.54025726536446,4.6674194,4.3752365
84.59028108623154,3.5153823,5.4483204
84.64030490709862,3.73836,4.4107823
84.6903287279657,3.570328,5.221624
84.74035254883279,3.9982316,5.4198246
84.79037636969986,3.6133966,5.2983294
84.84040019056694,3.5458937,4.4677677
84.89042401143402,3.6775372,4.830332
84.9404478323011,3.7098157,5.000767
84.99047165316819,3.39609,4.2853417
85.04049547403525,3.3336213,5.0382977
85.09051929490234,3.5702684,4.480651
85.14054311576942,3.5047374,4.6472573
85.1905669366365,4.200896,4.358433
85.24059075750358,3.465095,4.6335425
85.29061457837065,3.3847766,5.2871437
85.34063839923773,3.438009,4.701232
85.39066222010482,3.6888707,4.728139
85.4406860409719,3.9524384,5.0642633
85.49070986183898,4.453648,3.8886046
85.54073368270606,4.751244,3.941988
85.59075750357313,5.38882,3.9424334
85.64078132444021,4.7143564,4.2488456
85.6908051453073,4.6590986,3.874702
85.74082896617438,3.7346892,4.2065105
85.79085278704146,4.2088456,4.0100985
85.84087660790853,4.4648566,3.7307959
85.89090042877561,4.221557,4.1757617
85.94092424964269,4.717717,3.6851864
85.99094807050977,4.2836246,4.0516477
86.04097189137686,4.381724,3.676427
86.09099571224392,5.1234283,3.925002
86.141019533111,4.333602,4.072752
86.19104335397809,4.9773316,4.4246464
86.24106717484517,4.540094,4.1751914
86.29109099571225,4.307357,4.1389523
86.34111481657933,4.093244,4.40594
86.3911386374464,3.7003672,3.877112
86.44116245831349,4.1728187,4.256224
86.49118627918057,4.3530483,3.8237052
86.54121010004765,4.4771237,3.8444195
86.59123392091473,4.538351,4.670163
86.6412577417818,4.196478,4.5215125
86.69128156264888,4.2456374,4.5090685
86.74130538351596,4.4781976,5.456091
86.79132920438305,4.298791,4.3402734
86.84135302525013,4.267013,4.3721194
86.8913768461172,4.8261266,4.198897
86.94140066698428,4.825894,3.7349367
86.99142448785136,4.2954893,4.022783
87.04144830871844,4.9866347,4.2940683
87.09147212958553,4.31846,3.7929847
87.14149595045261,4.77195,3.772462
87.19151977131968,4.3824143,4.3650713
87.24154359218676,4.854887,4.240586
87.29156741305384,4.8473687,4.433358
87.34159123392092,5.819242,4.182041
87.391615054788,5.365727,4.491363
87.44163887565507,4.366725,3.6170802
87.49166269652216,4.6981764,4.0377464
87.54168651738924,4.647572,3.9830413
87.59171033825632,4.0964265,4.3126445
87.6417341591234,4.797165,4.1614423
87.69175797999047,4.3007107,4.266402
87.74178180085755,4.661013,4.516482
87.79180562172463,4.826155,4.365655
87.84182944259172,4.5466332,4.835368
87.8918532634588,3.9943826,4.7402577
87.94187708432588,4.292741,4.832367
87.99190090519295,4.696261,4.5182276
88.04192472606003,4.6890707,5.543729
88.09194854692711,3.5965438,5.293081
88.1419723677942,3.9708858,5.607805
88.19199618866128,4.7615213,4.6981273
88.24202000952835,4.372481,4.6352644
88.29204383039543,4.148745,4.39748
88.34206765126251,3.3684955,4.120263
88.3920914721296,4.6610413,4.401739
88.44211529299668,4.8359656,4.7520037
88.49213911386374,4.4825993,4.3985634
88.54216293473083,4.4055614,4.672867
88.59218675559791,4.370022,4.8932104
88.64221057646499,4.289469,3.8701296
88.69223439733207,4.1704144,4.3644814
88.74225821819915,4.479183,3.9525425
88.79228203906622,4.789107,3.9152238
88.8423058599333,4.021698,4.024004
88.89232968080039,4.40082,4.050849
88.94235350166747,5.2339535,4.636985
88.99237732253455,4.4283323,3.900964
89.04240114340162,4.6006103,4.2420955
89.0924249642687,4.0142336,4.1262
89.14244878513578,3.984901,3.9229274
89.19247260600287,4.3264728,3.5983396
89.24249642686995,4.2859163,4.097677
89.29252024773702,4.379933,3.7134547
89.3425440686041,4.3877587,4.611645
89.39256788947118,4.332601,3.8702824
89.44259171033826,4.141697,4.1650386
89.49261553120535,4.4181666,3.8121767
89.54263935207243,4.4941435,3.7904785
89.5926631729395,4.5309896,4.191649
89.64268699380658,4.23103,4.0882535
89.69271081467366,4.4325004,4.289701
89.74273463554074,3.963536,4.2745514
89.79275845640782,4.13321,4.501905
89.84278227727489,3.530226,4.416974
89.89280609814197,4.6259556,3.9074955
89.94282991900906,4.837765,3.8386102
89.99285373987614,4.938808,3.7758493
90.04287756074322,5.223377,4.6429577
90.09290138161029,5.1501045,3.6643515
90.14292520247737,5.4777627,4.4038277
90.19294902334445,4.413756,4.2373195
90.24297284421154,5.075862,4.065685
90.29299666507862,4.9096437,3.7865093
90.34302048594569,4.0621047,4.0335174
90.39304430681277,5.4584265,4.66963
90.44306812767985,4.496615,3.774818
90.49309194854693,4.3957477,4.0215034
90.54311576941402,4.5571184,3.7583199
90.5931395902811,4.9884515,4.194186
90.64316341114817,5.20606,4.2834935
90.69318723201525,4.5984006,3.7778327
90.74321105288233,4.6840143,4.0215106
90.79323487374941,4.7977133,4.201713
90.8432586946165,4.6444287,4.215617
90.89328251548356,4.706641,4.246171
90.94330633635064,5.2086477,3.815421
90.99333015721773,4.532506,4.3600507
91.04335397808481,4.8152,4.1195416
91.09337779895189,5.404541,3.9189425
91.14340161981896,4.5354066,4.186198
91.19342544068604,4.7644315,3.567066
91.24344926155312,4.6546893,4.104656
91.2934730824202,4.8350563,4.0843673
91.34349690328729,4.6945553,4.2088556
91.39352072415437,5.092577,4.005521
91.44354454502144,4.74253,4.2824345
91.49356836588852,4.8493667,4.3525877
91.5435921867556,4.871417,3.9034617
91.59361600762269,5.287923,3.8397508
91.64363982848977,5.0978928,3.6044645
91.69366364935684,4.5933084,4.2684503
91.74368747022392,4.9081798,3.7634988
91.793711291091,4.3188586,4.016489
91.84373511195808,4.9851127,3.9502132
91.89375893282516,4.90186,4.1351705
91.94378275369223,4.682581,4.1049886
91.99380657455931,4.9456854,4.089346
92.0438303954264,5.1478105,3.7103448
92.09385421629348,5.218284,3.6618495
92.14387803716056,4.792615,3.8479962
92.19390185802764,4.901532,3.5646822
92.24392567889471,5.1643467,3.739954
92.2939494997618,4.5087547,4.065848
92.34397332062888,4.3829937,3.8097978
92.39399714149596,4.647365,3.9528491
92.44402096236304,5.2956157,4.268919
92.49404478323011,5.0448346,4.137534
92.54406860409719,5.2017994,4.029739
92.59409242496427,5.3382435,3.9970515
92.64411624583136,4.788757,4.05256
92.69414006669844,4.7413497,4.0783224
92.7441638875655,5.026265,4.299451
92.79418770843259,4.6471643,3.816564
92.84421152929967,4.4968123,4.453847
92.89423535016675,5.3448753,4.598648
92.94425917103383,4.821997,4.1160216
92.99428299190092,5.6151633,4.1217704
93.04430681276799,5.0915074,4.234644
93.09433063363507,5.1186132,4.235097
93.14435445450215,5.0001836,4.1653914
93.19437827536923,5.1919794,3.9080877
93.24440209623631,3.4351716,4.1469197
93.29442591710338,4.584511,3.7229226
93.34444973797046,4.6618495,4.564299
93.39447355883755,5.0649495,4.4561286
93.44449737970463,4.687099,3.810817
93.49452120057171,5.1323104,4.02818
93.54454502143878,4.271991,4.058993
93.59456884230586,4.6998234,4.1313963
93.64459266317294,5.077368,4.0008783
93.69461648404003,4.8960276,4.011381
93.74464030490711,5.5842466,4.0734363
93.79466412577419,4.6742125,3.8606665
93.84468794664126,5.152319,4.10446
93.89471176750834,5.130275,4.2817206
93.94473558837542,5.235674,4.3389306
93.9947594092425,4.766919,3.9710522
94.04478323010959,4.739878,3.7467775
94.09480705097666,4.685201,4.1010137
94.14483087184374,5.179757,4.056582
94.19485469271082,4.572364,3.9233665
94.2448785135779,5.390955,4.3589897
94.29490233444498,4.8657618,3.819704
94.34492615531205,5.481777,4.1313076
94.39494997617913,5.4773827,3.9168963
94.44497379704622,4.638779,4.3249836
94.4949976179133,4.498836,4.566284
94.54502143878038,5.2646,4.0833273
94.59504525964746,4.649991,4.3602715
94.64506908051453,4.8755903,3.8830326
94.69509290138161,4.4602165,3.687801
94.7451167222487,4.836289,3.5949445
94.79514054311578,4.8841248,3.898032
94.84516436398286,4.442357,4.125033
94.89518818484993,4.388026,3.6663208
94.94521200571701,4.309755,4.0697947
94.99523582658409,3.8259757,3.9620519
95.04525964745118,3.980679,3.9888082
95.09528346831826,4.588379,3.8032603
95.14530728918533,3.7043178,3.959138
95.19533111005241,4.369871,5.2565737
95.24535493091949,4.653505,5.211919
95.29537875178657,4.2183175,4.169814
95.34540257265365,4.446398,4.6137176
95.39542639352074,5.250607,4.4394093
95.4454502143878,3.9161742,4.5195284
95.49547403525489,4.494901,3.8793683
95.54549785612197,3.944379,3.9651575
95.59552167698905,4.7767124,4.26017
95.64554549785613,4.3062153,4.1924324
95.6955693187232,4.653265,4.1087313
95.74559313959028,4.2851887,3.7454033
95.79561696045737,4.032261,4.3048396
95.84564078132445,4.390055,4.341661
95.89566460219153,3.8703802,4.1300015
95.9456884230586,3.8737311,3.7645993
95.99571224392568,4.8907666,4.1927166
96.04573606479276,3.8237028,5.0138044
96.09575988565985,3.7313068,5.359416
96.14578370652693,3.5587168,5.286577
96.195807527394,3.8011649,4.986684
96.24583134826108,3.7945817,5.681241
96.29585516912816,5.1677513,4.1143966
96.34587898999524,4.6727104,4.17184
96.39590281086232,4.022128,4.391826
96.4459266317294,4.444231,3.6925375
96.49595045259647,4.9675703,3.9560742
96.54597427346356,4.730291,4.1587834
96.59599809433064,4.727991,4.046637
96.64602191519772,5.018475,3.6463892
96.6960457360648,5.3484364,4.158142
96.74606955693187,4.6541767,3.81037
96.79609337779895,4.847427,3.9776466
96.84611719866604,4.4093285,4.3561845
96.89614101953312,4.1646605,4.1248326
96.9461648404002,4.772063,3.8553903
96.99618866126727,4.590498,4.022445
97.04621248213435,5.201588,3.7855167
97.09623630300143,4.8133907,3.87002
97.14626012386852,5.5247746,3.7110937
97.1962839447356,4.936695,4.29109
97.24630776560268,4.4885545,3.8178434
97.29633158646975,4.128409,3.8123796
97.34635540733683,4.9342785,3.9677641
97.39637922820391,5.053544,4.2757006
97.446403049071,4.5526366,4.243805
97.49642686993808,4.766799,4.4904246
97.54645069080514,5.171499,4.1223497
97.59647451167223,5.582591,3.9374945
97.64649833253931,3.745574,3.9906745
97.69652215340639,5.0715947,4.165505
97.74654597427347,4.950982,3.917229
97.79656979514054,5.1068745,3.763963
97.84659361600762,5.5906544,4.096795
97.8966174368747,5.0499845,3.8952832
97.94664125774179,5.6389446,4.484244
97.99666507860887,4.7609005,4.037754
98.04668889947595,4.59546,3.7748933
98.09671272034302,5.3772736,4.4964194
98.1467365412101,4.831607,3.8989208
98.19676036207719,6.0593815,3.626517
98.24678418294427,4.953944,4.07565
98.29680800381135,4.5414953,3.4717698
98.34683182467842,4.3084555,4.034105
98.3968556455455,5.1000094,4.048451
98.44687946641258,5.1452904,3.8410327
98.49690328727966,4.677085,4.7784104
98.54692710814675,4.6370783,3.7637901
98.59695092901381,5.696062,4.380663
98.6469747498809,4.537255,4.4145555
98.69699857074798,4.7601657,4.7266073
98.74702239161506,4.8587914,4.646173
98.79704621248214,5.368989,4.2413635
98.84707003334923,5.104498,4.307193
98.8970938542163,4.9516587,4.284705
98.94711767508338,5.9142857,3.875967
98.99714149595046,4.624192,3.779743
99.04716531681754,4.854414,4.2713666
99.09718913768462,4.588995,3.7105405
99.14721295855169,4.4428678,4.68243
99.19723677941877,4.74852,4.0749025
99.24726060028586,4.3457236,3.9786127
99.29728442115294,4.956063,3.808527
99.34730824202002,4.515057,3.965107
99.39733206288709,4.9235663,4.356137
99.44735588375417,4.8703227,3.9655945
99.49737970462125,4.7084947,3.955636
99.54740352548833,5.1164484,4.3216324
99.59742734635542,4.778214,4.3344493
99.6474511672225,5.0796723,4.293361
99.69747498808957,4.831777,4.0841656
99.74749880895665,5.2013397,4.392722
99.79752262982373,5.515314,3.8273106
99.84754645069081,5.2994347,4.1540184
99.8975702715579,4.691153,3.8745143
99.94759409242496,4.587392,4.0617547
99.99761791329205,5.2359695,4.085297
100.04764173415913,5.2823424,3.7749555
100.09766555502621,4.583076,3.8171313
100.1476893758933,4.436457,4.291549
100.19771319676036,5.4184575,3.9787567
100.24773701762744,5.1399846,4.4539375
100.29776083849453,4.4662933,3.6995971
100.34778465936161,3.9237866,3.9872365
100.39780848022869,4.15242,4.2489777
100.44783230109577,4.2966113,4.0193686
100.49785612196284,4.5188437,4.9466
100.54787994282992,4.426442,4.491542
100.597903763697,4.068679,4.4220057
100.64792758456409,4.73137,4.4038415
100.69795140543117,4.830163,4.3502502
100.74797522629824,4.7440367,4.263931
100.79799904716532,3.8808,4.4260073
100.8480228680324,3.7587767,4.5809865
100.89804668889948,3.955296,4.6486387
100.94807050976657,4.1520095,3.9965117
100.99809433063363,3.7702231,3.6410615
101.04811815150072,3.4434543,3.8150227
101.0981419723678,3.8049164,3.9763842
101.14816579323488,3.846009,4.545577
101.19818961410196,3.9034128,4.0310383
101.24821343496905,4.5820727,4.346093
101.29823725583611,3.605366,3.9125972
101.3482610767032,3.9812586,4.696878
101.39828489757028,4.118587,4.0644584
101.44830871843736,4.437995,4.017758
101.49833253930444,4.5770764,3.8661551
101.54835636017151,3.7858188,4.671343
101.59838018103859,4.3774624,4.0857725
101.64840400190567,3.5751796,3.7895522
101.69842782277276,3.5466585,4.0119357
101.74845164363984,3.3996007,4.554468
101.79847546450691,3.756824,4.0325766
101.84849928537399,4.151456,4.399419
101.89852310624107,3.9096718,3.7909138
101.94854692710815,4.7798986,4.1570044
101.99857074797524,4.4981785,4.0562377
102.04859456884232,4.310911,4.229227
102.09861838970939,4.3955307,3.977213
102.14864221057647,3.6825702,4.0548544
102.19866603144355,4.8342333,4.0903816
102.24868985231063,4.670439,4.5505447
102.29871367317772,3.6123347,4.021144
102.34873749404478,4.121079,3.9052665
102.39876131491187,3.7085786,3.8895497
102.44878513577895,3.6812358,5.2675686
102.49880895664603,3.500257,4.588901
102.54883277751311,3.4912255,4.200715
102.59885659838018,3.5842893,4.049403
102.64888041924726,3.5707192,4.31508
102.69890424011435,3.991501,4.2520485
102.74892806098143,3.8524554,4.419238
102.79895188184851,4.260492,4.0685043
102.84897570271558,3.6931906,4.075164
102.89899952358266,3.604177,3.5603096
102.94902334444974,3.4805129,4.121657
102.99904716531682,4.339445,4.255071
103.0490709861839,3.817266,4.28067
103.09909480705099,3.6192389,4.170505
103.14911862791806,4.5043297,4.4823575
103.19914244878514,3.848312,4.2031045
103.24916626965222,3.5936747,4.050968
103.2991900905193,3.3526096,4.4395695
103.34921391138639,3.8400695,4.7498827
103.39923773225345,3.9331362,4.5328436
103.44926155312054,4.1297183,4.3798556
103.49928537398762,3.5510995,4.4733877
103.5493091948547,3.4292793,4.6417174
103.59933301572178,3.9333668,3.929826
103.64935683658885,3.563146,4.189378
103.69938065745593,4.2738523,4.322298
103.74940447832302,3.764007,4.6288342
103.7994282991901,3.440805,5.5366306
103.84945212005718,4.172061,4.8406796
103.89947594092426,4.3387985,4.27693
103.94949976179133,3.5519717,5.1627116
103.99952358265841,4.5369186,4.425117
104.0495474035255,4.073507,5.1250515
104.09957122439258,3.6608214,4.833352
104.14959504525966,3.9785528,3.5996828
104.19961886612673,3.9809978,3.9232411
104.24964268699381,3.6780047,3.7176833
104.29966650786089,3.7474358,4.553346
104.34969032872797,3.642171,4.454976
104.39971414959506,3.7563643,4.0608435
104.44973797046212,3.8864489,4.2765884
104.4997617913292,3.7759652,3.9239886
104.54978561219629,4.767737,4.181226
104.59980943306337,3.6976705,4.0466695
104.64983325393045,3.6591043,4.4355044
104.69985707479754,3.936297,4.473831
104.7498808956646,3.486885,4.2061815
104.79990471653169,3.8037179,3.6498394
104.84992853739877,3.5277715,3.7384763
104.89995235826585,3.9238815,3.580723
104.94997617913293,3.5603971,3.9139266
105.0,3.372981,3.6435666
