Frame,RMSD_noFit_frame0
0,1.9373212
1,2.7492445
2,1.9507916
3,2.0937057
4,2.9151976
5,1.9672098
6,2.3452249
7,1.7397361
8,1.3311483
9,1.1350108
10,1.0197957
11,1.4205235
12,1.0742855
13,1.0031242
14,1.4069049
15,1.123289
16,0.8529458
17,1.0774065
18,1.4363632
19,1.4894453
20,1.0960909
21,1.9243726
22,2.5907376
23,1.6057873
24,2.4716504
25,1.8188611
26,2.4019425
27,1.8821291
28,1.7364384
29,1.7576089
30,2.4623494
31,2.1652427
32,1.6427023
33,1.8699309
34,1.8102298
35,2.4941814
36,2.008461
37,1.684784
38,1.8300564
39,1.7379491
40,1.267256
41,1.2006376
42,1.3306631
43,0.94240093
44,1.3728633
45,1.1446126
46,1.5660515
47,1.1807399
48,1.3785837
49,1.4771118
50,1.8249413
51,1.5314388
52,1.5377482
53,1.7593286
54,1.8788555
55,1.4887618
56,1.6412084
57,1.3951535
58,1.9353578
59,1.932285
60,1.48968
61,1.1520213
62,1.8701545
63,2.0424824
64,1.6058255
65,1.7265841
66,1.1208708
67,1.3319875
68,1.5518384
69,1.5368049
70,1.192856
71,2.069101
72,1.3687763
73,1.3332572
74,1.0760247
75,1.5218877
76,1.8917593
77,1.1359291
78,1.4708055
79,1.4299232
80,1.2910048
81,1.7017905
82,1.1820166
83,1.1352273
84,1.6263882
85,1.9361936
86,1.4900435
87,1.1731431
88,1.2410527
89,1.1192529
90,1.1544257
91,1.3722084
92,0.7643893
93,0.9170869
94,1.3041674
95,0.89623684
96,0.80349654
97,0.6195095
98,0.98438185
99,0.66912913
100,0.0
101,1.2728271
102,1.2215328
103,1.7117264
104,1.392325
105,1.8340583
106,1.6549882
107,1.9619867
108,1.7873387
109,2.2228765
110,1.5339973
111,1.6640743
112,1.493108
113,1.218326
114,1.0708085
115,1.4015365
116,1.4092085
117,1.4274555
118,1.2826744
119,1.5019466
120,1.3356504
121,1.4182426
122,1.1249063
123,2.011361
124,2.4278283
125,2.583518
126,2.7553198
127,2.400049
128,2.912096
129,2.8250124
130,2.334604
131,2.1304288
132,2.136295
133,2.5408552
134,1.5962006
135,2.2534268
136,1.804648
137,2.3392134
138,2.4436765
139,2.3967361
140,2.2104924
141,1.9615802
142,2.462213
143,2.7969122
144,2.5088944
145,1.9402893
146,2.3593838
147,2.3641558
148,3.1728482
149,2.733407
150,2.84075
151,2.5478287
152,3.434267
153,2.5513725
154,1.8015598
155,2.2431495
156,2.055409
157,1.9376975
158,1.77499
159,2.927266
160,3.3736434
161,2.898179
162,3.0009964
163,3.3283832
164,2.392489
165,2.2831385
166,1.8409741
167,2.1390607
168,1.5982431
169,1.9530488
170,1.5863646
171,2.3357673
172,2.2014701
173,2.187299
174,2.0317657
175,1.8729178
176,1.5304856
177,2.4008946
178,1.7626097
179,2.081322
180,1.9964396
181,2.171577
182,2.2329104
183,2.2162602
184,2.3481421
185,2.2274525
186,2.0752013
187,2.797119
188,3.2357342
189,3.2596347
190,3.47212
191,3.0768924
192,3.339877
193,3.26364
194,3.436448
195,2.8592582
196,3.0229578
197,2.9099154
198,3.0218818
199,2.9296954
200,3.503875
201,3.374455
202,2.914534
203,3.0459523
204,2.149812
205,2.6222878
206,2.5297353
207,2.9675438
208,3.3524187
209,3.0692234
210,3.7661662
211,3.73461
212,4.176938
213,4.0324774
214,4.0854464
215,3.4003808
216,3.045305
217,2.9778545
218,2.9338865
219,2.8291368
220,2.615784
221,3.0496795
222,2.9683976
223,3.731317
224,3.4340274
225,2.9482412
226,3.5785446
227,2.9631684
228,3.2756824
229,3.3640974
230,3.16789
231,3.3270822
232,2.5664446
233,3.2142718
234,2.8452046
235,2.8297906
236,2.990733
237,3.1943808
238,3.3956635
239,2.9424186
240,2.7497313
241,3.2040718
242,3.240904
243,3.616969
244,3.1239986
245,2.7900329
246,3.0452445
247,2.6633656
248,2.6470127
249,3.1383033
250,3.0434968
251,2.8807478
252,3.8023665
253,3.4147928
254,3.9493177
255,2.135386
256,1.9886405
257,2.1252718
258,3.085665
259,2.5144923
260,3.2279959
261,2.941935
262,2.90855
263,3.340857
264,2.6483846
265,3.0545118
266,3.149433
267,3.8613696
268,3.1316204
269,3.1455052
270,2.845802
271,2.6374931
272,3.0716364
273,3.0615053
274,3.2309506
275,3.6344652
276,3.5775325
277,3.867643
278,4.0072474
279,3.8636696
280,4.227467
281,3.7088823
282,3.6556869
283,3.4155312
284,3.122245
285,3.6360414
286,3.9617255
287,3.839861
288,4.811975
289,3.8628135
290,3.4238882
291,3.2763162
292,3.593717
293,2.9032364
294,3.9364076
295,4.4013243
296,3.53551
297,5.162459
298,3.5893908
299,3.802717
300,4.610682
301,4.0711083
302,4.982651
303,4.629737
304,4.5836205
305,4.996105
306,5.415213
307,4.036787
308,5.0127163
309,5.1330914
310,5.631807
311,4.8254685
312,4.7638636
313,4.613132
314,4.4448357
315,4.3082848
316,4.420771
317,4.152505
318,4.159489
319,4.253042
320,4.1943784
321,3.4317615
322,4.0912924
323,4.179152
324,3.9305983
325,4.015706
326,3.6776376
327,3.929316
328,3.853978
329,3.419566
330,3.245303
331,3.2827654
332,3.4267695
333,2.7736936
334,3.402125
335,3.577791
336,3.921739
337,3.9872963
338,3.2151067
339,3.7270226
340,3.826061
341,4.1154675
342,4.01798
343,3.8040357
344,4.630823
345,3.9202569
346,4.2477074
347,4.396154
348,4.1015024
349,3.9642546
350,4.3551908
351,4.288511
352,4.0846043
353,3.92323
354,4.480132
355,5.054323
356,4.640714
357,4.479339
358,4.2184563
359,4.8125677
360,4.9472437
361,4.997469
362,4.9692454
363,4.2096157
364,4.733627
365,4.780978
366,4.1796193
367,4.515194
368,4.0536633
369,4.778857
370,4.539572
371,4.9312825
372,4.7893257
373,4.1180906
374,4.9699197
375,5.2856236
376,4.468219
377,4.470558
378,3.9856188
379,4.176958
380,3.72592
381,4.0117073
382,3.722446
383,4.4824805
384,4.399543
385,3.9292223
386,4.6967425
387,4.3340607
388,3.7253783
389,4.5631504
390,3.9942522
391,4.4322553
392,4.34442
393,4.853272
394,4.3416166
395,4.2245903
396,4.3936305
397,4.5621653
398,4.7081523
399,4.6277695
400,3.8485706
401,4.198687
402,4.177244
403,4.251958
404,4.384422
405,4.080589
406,4.4238915
407,3.9744458
408,4.4873586
409,4.0040207
410,3.673607
411,4.057007
412,4.4942756
413,4.054288
414,4.900766
415,4.306971
416,4.3951564
417,4.0808887
418,4.6178117
419,4.2433987
420,3.8623192
421,3.740726
422,4.7360983
423,4.4257255
424,3.9766762
425,4.647616
426,4.6995597
427,4.196485
428,4.329332
429,4.7620816
430,4.8313723
431,4.5741425
432,4.9480133
433,4.8831396
434,5.400465
435,5.375551
436,5.3630085
437,5.0635166
438,5.216902
439,4.5111403
440,4.2492914
441,4.477782
442,4.4217997
443,4.8410873
444,4.705334
445,5.086501
446,5.352367
447,4.948659
448,4.7540975
449,4.806752
450,4.9614816
451,4.546922
452,4.841786
453,4.7786503
454,4.734763
455,4.755155
456,4.5054936
457,4.37186
458,4.7710795
459,4.689533
460,5.1108413
461,5.3431287
462,5.081266
463,4.4247894
464,5.3916936
465,4.80186
466,5.263085
467,4.420525
468,4.850966
469,5.1221747
470,5.5621924
471,4.957078
472,4.8132224
473,4.9486456
474,4.1880903
475,5.007803
476,4.7967553
477,4.936184
478,5.15409
479,4.4398675
480,4.070171
481,4.335507
482,5.4395504
483,5.4806886
484,5.233847
485,5.1334085
486,5.159437
487,5.0908327
488,4.5749664
489,4.6569376
490,4.249817
491,4.9476724
492,4.9145093
493,5.596221
494,5.8484454
495,5.7504244
496,6.003456
497,5.654112
498,5.6524663
499,5.3989606
500,5.30572
501,5.308803
502,5.8161254
503,5.2905555
504,5.688846
505,5.541308
506,5.58188
507,5.725149
508,6.0184045
509,6.3544493
510,5.6989007
511,5.65672
512,5.4974403
513,5.650711
514,5.8141255
515,5.380666
516,5.194775
517,5.038292
518,5.1986284
519,5.2368026
520,5.393517
521,5.0434275
522,5.4747334
523,5.839226
524,5.688755
525,5.596041
526,5.179761
527,5.2374544
528,5.487898
529,5.4856286
530,5.278992
531,5.386785
532,5.314237
533,5.345353
534,5.4607115
535,4.810108
536,4.7338233
537,5.216
538,4.7494755
539,5.0153503
540,5.3849506
541,5.513249
542,5.5608115
543,5.216265
544,5.6678967
545,6.029897
546,5.211888
547,5.7357054
548,5.4899335
549,5.990326
550,5.827469
551,4.9853053
552,4.295163
553,3.9066536
554,5.1190705
555,4.98547
556,4.542035
557,4.7453566
558,4.280886
559,5.059074
560,5.1325603
561,5.8258605
562,4.768374
563,4.2744327
564,4.050492
565,3.8741012
566,4.020862
567,4.225453
568,4.170043
569,3.890288
570,4.4227433
571,4.308442
572,4.407085
573,3.7960856
574,3.456644
575,4.0782075
576,4.0876
577,4.1761327
578,4.308805
579,4.766517
580,4.327126
581,4.237383
582,3.9460826
583,3.8805168
584,4.510145
585,4.79953
586,4.1951447
587,4.514631
588,4.829272
589,4.9240065
590,4.1423483
591,4.9994307
592,4.3900805
593,4.613569
594,4.0599303
595,4.1329837
596,4.1607156
597,4.7111225
598,3.9740539
599,4.3795295
600,4.466675
601,4.747658
602,4.2206125
603,4.3037286
604,4.3413005
605,4.0348377
606,4.385539
607,4.5625205
608,5.0827155
609,4.297243
610,4.9399543
611,5.696069
612,5.700225
613,6.123781
614,6.441632
615,4.6232605
616,5.1997275
617,5.4004564
618,5.5401525
619,4.9812174
620,4.841701
621,4.784802
622,4.674736
623,4.6786795
624,4.437633
625,4.4218955
626,4.0550036
627,3.9017622
628,4.5295935
629,4.6177397
630,4.5939174
631,4.337895
632,4.3397646
633,4.667664
634,4.838325
635,4.165161
636,4.333611
637,5.337391
638,4.445356
639,4.6976194
640,4.5104628
641,4.5852013
642,5.152815
643,4.9711175
644,4.7383904
645,4.8864613
646,4.4940047
647,5.186493
648,5.1730294
649,5.2329426
650,5.0431514
651,4.6723886
652,4.868744
653,4.0128694
654,5.203246
655,5.171168
656,5.39325
657,5.0180306
658,4.783891
659,5.042414
660,5.014615
661,4.608993
662,4.5384765
663,5.2766194
664,4.8777013
665,4.994388
666,5.134651
667,4.936301
668,5.0897975
669,4.974977
670,4.4824176
671,4.066458
672,3.6293242
673,3.8550594
674,4.656424
675,4.9245243
676,4.9340205
677,4.113164
678,3.8497312
679,4.348459
680,4.8558407
681,4.445724
682,3.1448753
683,4.335825
684,3.7553914
685,4.0142517
686,4.486682
687,4.3619013
688,3.997861
689,4.046142
690,3.7334228
691,3.9596784
692,4.3224735
693,3.9700565
694,4.009054
695,4.566098
696,4.293558
697,4.0463953
698,4.4051275
699,4.182602
700,3.8891456
701,4.0420613
702,2.9407327
703,3.560896
704,3.2265987
705,3.6048415
706,4.0113797
707,4.2098174
708,4.6093636
709,4.0765195
710,4.0676394
711,4.0173764
712,4.2590957
713,3.2872458
714,3.2660427
715,3.4928966
716,3.831788
717,3.432841
718,4.298218
719,3.7377887
720,3.4648347
721,2.7399437
722,4.532014
723,3.7386932
724,4.112038
725,3.7825842
726,3.0076427
727,4.0737805
728,3.988114
729,3.7874303
730,3.4570558
731,3.4127114
732,3.479633
733,3.42115
734,3.8276992
735,3.4068525
736,3.571899
737,3.80585
738,3.1393368
739,3.513235
740,2.886411
741,3.538238
742,3.6190393
743,3.8537345
744,3.4483538
745,3.539969
746,3.1764567
747,3.6632745
748,3.1817012
749,3.7747982
750,3.1261363
751,3.2692447
752,3.2945685
753,3.1612723
754,4.155233
755,3.6399193
756,3.177446
757,3.3615553
758,3.284868
759,3.397081
760,3.0416858
761,3.259169
762,3.0415046
763,3.200291
764,2.711915
765,3.5365925
766,3.6163876
767,3.816085
768,3.4034245
769,3.0512152
770,3.5296085
771,3.2634735
772,3.4181013
773,3.2864838
774,3.8857234
775,3.1966655
776,3.5319734
777,3.4501731
778,3.5837216
779,3.5307658
780,3.742639
781,3.3361018
782,4.103665
783,3.5773294
784,3.9722369
785,3.7055693
786,3.705862
787,4.245618
788,3.080872
789,3.8408172
790,3.3715014
791,3.9778101
792,3.5997415
793,3.975371
794,4.144706
795,3.8288145
796,3.7218122
797,3.9220643
798,3.8243003
799,4.1079283
800,3.9812267
801,3.8307755
802,3.8117406
803,3.3699293
804,3.853154
805,3.8914137
806,4.170689
807,3.660365
808,3.5576692
809,3.8775144
810,4.2706733
811,3.810772
812,3.4873378
813,3.6841106
814,4.169109
815,3.6218421
816,3.0264828
817,3.6355264
818,3.740515
819,3.5140154
820,3.4446166
821,3.2300475
822,4.108152
823,4.241839
824,3.655275
825,3.5380867
826,3.7071462
827,3.5450208
828,3.745771
829,3.3359256
830,3.7428958
831,3.6735466
832,3.5960145
833,3.7847922
834,3.5989377
835,3.8768668
836,3.2492077
837,3.8206596
838,3.387987
839,3.1429017
840,3.7757273
841,3.7854054
842,2.839445
843,3.1056273
844,3.3717887
845,2.8166103
846,3.748718
847,3.374884
848,2.9247787
849,3.1122813
850,3.5529695
851,3.6303039
852,4.042868
853,3.5375733
854,3.7054086
855,3.8700907
856,3.1642795
857,3.6869972
858,3.211116
859,3.1325688
860,3.7758038
861,3.2608888
862,2.8214753
863,2.5490246
864,3.0410602
865,3.0272787
866,3.2621162
867,3.5979488
868,2.7917902
869,3.2748773
870,3.3248398
871,3.0006876
872,3.8513799
873,3.1692681
874,3.2923806
875,3.2019727
876,3.8035612
877,3.7167315
878,2.595903
879,3.4899776
880,3.0556498
881,3.5032392
882,2.8511326
883,2.7504475
884,3.281774
885,3.6200244
886,3.697875
887,4.1888
888,3.5297365
889,4.100124
890,3.5258534
891,3.729378
892,3.691009
893,4.2240086
894,3.341442
895,3.872791
896,4.121341
897,3.3355742
898,4.1378093
899,3.7880452
900,4.0934744
901,3.8681076
902,3.8342457
903,3.813174
904,3.8671575
905,4.172075
906,3.6299906
907,3.5375776
908,3.7816381
909,3.7018223
910,3.5150123
911,3.6781142
912,3.854609
913,3.9121296
914,4.1391816
915,4.402107
916,4.9616275
917,3.9275978
918,4.4253197
919,3.913684
920,4.1214843
921,4.0467086
922,4.1685057
923,4.8539677
924,4.0700607
925,4.359641
926,4.713842
927,3.8532023
928,3.621578
929,3.3648894
930,2.8028998
931,3.3456793
932,3.3362813
933,2.9721735
934,2.9094536
935,3.1382108
936,3.0556693
937,3.8660793
938,3.5157764
939,3.5888195
940,3.3568869
941,3.068139
942,3.8056428
943,3.3423278
944,3.150977
945,3.7868977
946,3.262916
947,3.333711
948,3.7179587
949,3.5995312
950,3.5320761
951,4.0085945
952,3.385486
953,3.6926608
954,3.5027115
955,3.5042367
956,3.3957062
957,3.7356129
958,3.3590062
959,3.5938158
960,3.755633
961,3.7878373
962,3.5656078
963,3.8409371
964,3.8551657
965,3.3887305
966,3.3981335
967,4.272671
968,3.2844622
969,3.4204624
970,3.9136417
971,3.5928915
972,3.5301955
973,3.5553048
974,4.0868115
975,3.848776
976,4.185135
977,3.7931826
978,4.001971
979,3.8039691
980,4.244659
981,3.887288
982,4.0162625
983,3.8094614
984,3.6613817
985,3.743236
986,4.3907046
987,3.732392
988,3.7167776
989,3.7347844
990,3.8268256
991,3.9518402
992,3.7160597
993,3.8293793
994,3.9413576
995,3.5331688
996,3.811422
997,3.4962325
998,3.3802571
999,3.6145148
1000,3.5895805
1001,3.978369
1002,3.3136983
1003,3.39286
1004,3.3299563
1005,3.3020191
1006,2.8068094
1007,2.8574877
1008,3.7611504
1009,3.4244
1010,3.3015172
1011,3.458738
1012,4.0147376
1013,3.5874724
1014,3.377845
1015,3.611189
1016,3.2383175
1017,3.114124
1018,3.4495747
1019,3.562858
1020,3.173136
1021,3.3721735
1022,3.6890357
1023,2.9041393
1024,3.2619405
1025,3.3648555
1026,3.9702435
1027,3.522577
1028,3.7642884
1029,3.3404143
1030,3.3114855
1031,3.879128
1032,3.6386611
1033,3.415709
1034,4.121159
1035,3.6017041
1036,3.5539703
1037,3.7690773
1038,3.7620456
1039,3.7116697
1040,3.4559875
1041,3.0129116
1042,3.4263878
1043,3.5854528
1044,3.2922301
1045,3.557824
1046,3.5543883
1047,3.4873033
1048,3.0656352
1049,3.4927118
1050,3.0669358
1051,2.9693873
1052,3.630529
1053,2.944239
1054,3.5417836
1055,3.3682237
1056,3.8881438
1057,3.5708086
1058,3.9559696
1059,3.5571017
1060,3.7511995
1061,2.9906957
1062,3.189859
1063,2.8756294
1064,3.8219824
1065,3.2376382
1066,3.8209658
1067,3.9163673
1068,3.5355077
1069,2.959874
1070,3.9834194
1071,4.185435
1072,3.852078
1073,3.6256938
1074,3.9212344
1075,3.52634
1076,3.3657148
1077,3.673598
1078,3.339776
1079,3.6202176
1080,3.666611
1081,3.849531
1082,2.9595225
1083,3.623299
1084,3.0301728
1085,3.123857
1086,3.3084662
1087,3.6331482
1088,3.673545
1089,3.2579784
1090,3.0145981
1091,3.1971848
1092,3.5656981
1093,3.2826905
1094,4.19265
1095,3.411318
1096,3.096463
1097,3.7364411
1098,3.6070242
1099,4.064381
1100,4.3480153
1101,3.8715029
1102,3.4653025
1103,3.925093
1104,4.3122754
1105,4.1282682
1106,3.8218575
1107,4.270886
1108,3.6829736
1109,3.8419838
1110,3.5769258
1111,3.5476303
1112,3.631616
1113,3.4632585
1114,3.11945
1115,3.6047115
1116,3.5445547
1117,3.6326702
1118,3.8724613
1119,3.1800346
1120,3.2820084
1121,3.3444967
1122,3.7911332
1123,3.8903456
1124,3.474079
1125,3.4912238
1126,3.8391905
1127,3.822197
1128,3.9235842
1129,3.8241909
1130,4.000907
1131,3.6786788
1132,4.003276
1133,3.6485415
1134,3.7200985
1135,3.9781575
1136,4.6577253
1137,5.205221
1138,3.8245738
1139,4.2405844
1140,3.6873264
1141,4.145331
1142,3.971749
1143,3.9394786
1144,3.7233493
1145,3.833403
1146,4.050366
1147,3.919462
1148,3.764006
1149,3.2368252
1150,3.1045287
1151,3.3243687
1152,3.7968845
1153,2.9710767
1154,3.9242437
1155,3.2492008
1156,3.5381806
1157,3.511064
1158,2.9205465
1159,3.0447955
1160,3.4295654
1161,3.9211497
1162,3.4990063
1163,3.8559616
1164,3.3407106
1165,3.07707
1166,3.345232
1167,3.404071
1168,3.292621
1169,3.1376047
1170,3.528758
1171,3.0980623
1172,3.3276591
1173,3.1567724
1174,3.2509654
1175,3.142454
1176,3.3742294
1177,3.2578063
1178,2.8165135
1179,3.009351
1180,2.7827156
1181,3.4515293
1182,3.0401978
1183,2.908125
1184,3.1148353
1185,3.3760169
1186,3.1918557
1187,3.3206549
1188,4.1352954
1189,3.8216746
1190,4.061575
1191,3.9137821
1192,3.6730838
1193,3.167738
1194,3.8463526
1195,3.834133
1196,3.4217763
1197,3.571245
1198,4.027508
1199,3.9701552
1200,4.208907
1201,3.947487
1202,4.1360273
1203,3.823275
1204,3.7383466
1205,3.6992843
1206,3.9167564
1207,3.4675052
1208,3.1916647
1209,2.8599887
1210,3.5359266
1211,3.1376758
1212,3.3017435
1213,3.1398265
1214,3.517001
1215,3.8937395
1216,3.9290247
1217,3.8988447
1218,3.7833364
1219,3.9369614
1220,3.7051926
1221,3.5472946
1222,3.68751
1223,3.970506
1224,3.2612302
1225,3.7721615
1226,4.290706
1227,4.662069
1228,3.539032
1229,3.7898164
1230,3.98399
1231,3.7707283
1232,4.0674505
1233,4.123803
1234,3.9363601
1235,4.2182927
1236,3.9196525
1237,3.6547015
1238,3.4496064
1239,3.4423454
1240,3.4297626
1241,3.444659
1242,3.596676
1243,3.5510557
1244,3.440926
1245,3.6622283
1246,3.7210908
1247,3.5379503
1248,3.78014
1249,3.6071374
1250,3.728527
1251,3.2118328
1252,4.431729
1253,3.5364683
1254,3.9097261
1255,3.6930048
1256,3.7325158
1257,3.1768641
1258,4.5012364
1259,4.2504296
1260,4.2910423
1261,4.8427987
1262,4.6594906
1263,4.354196
1264,4.7208796
1265,4.476504
1266,4.7439456
1267,5.0281157
1268,4.4396443
1269,4.285538
1270,4.5603275
1271,4.1552224
1272,4.518486
1273,4.261737
1274,4.482396
1275,4.0569763
1276,4.193533
1277,4.657969
1278,4.201847
1279,4.8360257
1280,4.5208597
1281,4.9033422
1282,4.204309
1283,3.9735386
1284,3.949059
1285,3.7473807
1286,4.095134
1287,4.150691
1288,3.9247906
1289,3.756179
1290,3.9104307
1291,4.4204836
1292,4.7621617
1293,4.8753266
1294,5.1469407
1295,4.5000067
1296,4.566661
1297,4.492508
1298,4.8018765
1299,4.4836287
1300,3.895969
1301,4.3438954
1302,3.9403028
1303,4.7378383
1304,3.982409
1305,3.9875727
1306,4.4228506
1307,4.0687485
1308,4.133687
1309,3.9261587
1310,3.25086
1311,3.7001886
1312,3.8155656
1313,3.7654068
1314,3.095621
1315,2.9658043
1316,3.1522932
1317,3.5115967
1318,4.112178
1319,3.7816875
1320,4.272236
1321,3.8434045
1322,3.1857884
1323,3.314749
1324,3.48019
1325,3.5771735
1326,3.8107796
1327,3.7440705
1328,3.5103903
1329,3.6674778
1330,3.858358
1331,4.0771165
1332,4.3510094
1333,3.3941584
1334,3.6172526
1335,3.3715765
1336,3.8405054
1337,3.7853365
1338,4.1000896
1339,3.5649474
1340,3.8462255
1341,4.2274117
1342,3.9421031
1343,4.0004487
1344,4.034737
1345,3.9345827
1346,4.542681
1347,3.8874326
1348,4.0568767
1349,4.248535
1350,3.3222678
1351,3.1509871
1352,3.995598
1353,4.4533043
1354,4.5038533
1355,4.135496
1356,4.5589166
1357,4.6513443
1358,4.4117703
1359,4.113809
1360,4.1650147
1361,4.47844
1362,4.036824
1363,4.4109297
1364,4.5381913
1365,4.530817
1366,4.1489463
1367,4.3254347
1368,4.014836
1369,3.6225
1370,4.3298526
1371,3.7218213
1372,4.103163
1373,4.191257
1374,4.1553054
1375,3.458461
1376,3.9155593
1377,4.8104215
1378,5.0105796
1379,4.3430824
1380,3.9166396
1381,3.4834967
1382,3.5899227
1383,3.8384604
1384,4.568886
1385,3.146757
1386,3.6536515
1387,4.038142
1388,4.2387013
1389,4.1269126
1390,4.5163565
1391,4.2676044
1392,4.051467
1393,3.4947321
1394,3.8269737
1395,4.338654
1396,3.7395284
1397,3.8826914
1398,3.250272
1399,3.2287173
1400,2.6044652
1401,3.1723876
1402,4.0737867
1403,3.2895238
1404,3.6210783
1405,3.357485
1406,3.5725503
1407,3.6961637
1408,3.917393
1409,3.9149003
1410,3.3025548
1411,3.8858304
1412,3.9323156
1413,3.352011
1414,3.5802832
1415,3.7949977
1416,3.6468222
1417,3.5976794
1418,3.5371044
1419,2.942259
1420,3.6798024
1421,3.552878
1422,3.9352634
1423,4.1677465
1424,4.2020416
1425,3.6878748
1426,3.345998
1427,3.3361883
1428,3.735828
1429,3.7371185
1430,4.062446
1431,3.3709772
1432,3.7150052
1433,3.4508243
1434,3.3516157
1435,4.3565955
1436,4.0880733
1437,3.1113236
1438,3.190437
1439,3.512343
1440,4.608581
1441,3.9076767
1442,3.6895642
1443,3.6077466
1444,4.336144
1445,3.5543716
1446,4.0450997
1447,3.5158904
1448,4.071622
1449,3.8431973
1450,3.7947583
1451,4.1437445
1452,3.6037567
1453,4.209764
1454,3.5246825
1455,3.9068105
1456,3.9790754
1457,3.9352865
1458,3.9850562
1459,4.093047
1460,3.7432795
1461,3.24798
1462,3.7862027
1463,3.99247
1464,3.9302714
1465,3.8039277
1466,3.9551675
1467,3.7766695
1468,4.021778
1469,4.0674706
1470,3.444394
1471,3.709918
1472,3.366274
1473,4.225495
1474,3.8383849
1475,4.0624084
1476,4.512188
1477,3.6985552
1478,3.549615
1479,3.7314522
1480,3.5584497
1481,3.9599373
1482,3.6666274
1483,4.200608
1484,3.9782405
1485,3.5525436
1486,4.2353487
1487,4.4984083
1488,3.9575164
1489,3.8779519
1490,3.8578625
1491,3.5621085
1492,4.201951
1493,3.8988497
1494,4.1145706
1495,4.226848
1496,3.5465298
1497,3.7800531
1498,3.6357439
1499,3.5142157
1500,3.9052186
1501,3.8211458
1502,4.061503
1503,4.115682
1504,3.9137948
1505,3.8194137
1506,3.6516197
1507,4.211536
1508,3.8059633
1509,3.9550152
1510,3.9352689
1511,4.1938934
1512,4.3829975
1513,3.5233057
1514,4.001419
1515,4.2386184
1516,4.256204
1517,3.6535892
1518,4.415131
1519,4.1552105
1520,3.6980484
1521,3.5327625
1522,3.4553297
1523,4.260616
1524,4.016914
1525,3.971936
1526,4.0933247
1527,3.6122615
1528,4.583847
1529,4.4567704
1530,3.9839199
1531,3.8223443
1532,3.8120549
1533,3.556563
1534,4.359352
1535,3.9247718
1536,3.6858764
1537,4.2439656
1538,3.9879801
1539,3.2779477
1540,3.8468919
1541,3.9135885
1542,3.4049225
1543,4.0646853
1544,4.1810937
1545,3.5277224
1546,3.8856037
1547,3.9258635
1548,3.4423635
1549,3.4237125
1550,3.7815163
1551,3.3971648
1552,3.2187471
1553,3.739406
1554,3.474001
1555,3.240659
1556,2.985419
1557,3.3864465
1558,2.9661922
1559,3.5501976
1560,3.4310622
1561,3.5610876
1562,4.7391925
1563,4.2798724
1564,3.7552748
1565,4.101298
1566,4.1383286
1567,3.8072898
1568,3.6042578
1569,3.7839105
1570,3.7921486
1571,3.8460665
1572,3.8607678
1573,3.975921
1574,4.1025906
1575,3.501977
1576,4.0449104
1577,4.537335
1578,3.663497
1579,4.134411
1580,4.263832
1581,3.7085495
1582,3.341743
1583,3.5793817
1584,3.320387
1585,3.4582098
1586,3.7641335
1587,3.509441
1588,4.182662
1589,3.6249166
1590,4.2286854
1591,4.3325977
1592,3.9551377
1593,3.7115314
1594,4.399973
1595,3.8788407
1596,4.352388
1597,4.6182666
1598,4.060964
1599,3.7464561
1600,3.8168793
1601,4.0017047
1602,4.8776493
1603,4.2206945
1604,5.0560656
1605,5.420753
1606,4.2486258
1607,3.7296376
1608,4.915993
1609,5.083328
1610,4.606095
1611,4.175759
1612,3.9334662
1613,3.948291
1614,4.205406
1615,3.5887196
1616,3.862491
1617,4.143787
1618,4.154307
1619,3.5203362
1620,3.803831
1621,3.9106839
1622,3.9809217
1623,3.1533442
1624,4.028696
1625,3.873704
1626,2.9021602
1627,3.601221
1628,4.0800247
1629,3.2011921
1630,4.2218137
1631,3.7456484
1632,3.8581603
1633,4.00103
1634,3.7541096
1635,3.7029266
1636,4.067604
1637,5.087125
1638,4.1134915
1639,4.1599226
1640,4.056609
1641,3.8325727
1642,4.279471
1643,3.9690669
1644,4.068485
1645,3.7588446
1646,3.4110274
1647,3.6313293
1648,4.403947
1649,3.5085082
1650,3.9482095
1651,4.174923
1652,3.7265136
1653,3.3686004
1654,3.1750634
1655,3.374353
1656,3.4041188
1657,2.9429462
1658,3.5642493
1659,3.517568
1660,3.5791721
1661,3.6031196
1662,4.0003667
1663,3.318699
1664,3.5620098
1665,3.274332
1666,3.7161186
1667,3.226686
1668,3.490833
1669,3.037885
1670,3.670323
1671,3.5503278
1672,4.0207815
1673,3.6930504
1674,4.4834666
1675,3.9752214
1676,4.4422026
1677,4.4174466
1678,4.012281
1679,3.665018
1680,3.5491712
1681,3.1840901
1682,3.05563
1683,3.3640053
1684,4.2361
1685,3.6010294
1686,3.386695
1687,3.3076801
1688,3.0786343
1689,3.707495
1690,3.215579
1691,4.2120533
1692,3.7606342
1693,3.7128546
1694,3.6086276
1695,4.064738
1696,4.112262
1697,4.0082064
1698,3.5056741
1699,3.885817
1700,3.3027575
1701,3.5563738
1702,3.9622815
1703,4.4714456
1704,4.261175
1705,4.4675775
1706,4.1203666
1707,4.1518636
1708,4.1148386
1709,3.9773307
1710,3.9704401
1711,3.3922274
1712,3.637987
1713,3.707328
1714,4.051971
1715,2.991108
1716,3.876929
1717,3.4774315
1718,3.2807608
1719,3.0054874
1720,3.289914
1721,3.3749273
1722,3.5344446
1723,3.5565434
1724,3.4080377
1725,3.3684103
1726,4.0415773
1727,3.9733584
1728,3.73562
1729,3.8421094
1730,2.9651277
1731,3.2553737
1732,4.262692
1733,3.1508787
1734,3.1445615
1735,3.319302
1736,3.1941333
1737,3.9617221
1738,4.0218277
1739,4.0560546
1740,3.611124
1741,3.7561066
1742,3.8952959
1743,3.5477865
1744,3.7356653
1745,3.689104
1746,3.357263
1747,3.3804972
1748,3.7131815
1749,4.150902
1750,4.0150847
1751,4.1991906
1752,3.7210307
1753,3.8288052
1754,3.125616
1755,3.671353
1756,4.046606
1757,3.633078
1758,3.3407087
1759,3.6085682
1760,4.1094193
1761,3.377646
1762,3.7443466
1763,3.4747367
1764,3.5177372
1765,3.6341329
1766,3.8556144
1767,3.9853172
1768,3.1545887
1769,3.1658945
1770,3.4014452
1771,3.549757
1772,4.1738358
1773,4.36541
1774,3.8939095
1775,3.8299458
1776,3.69883
1777,3.9295535
1778,3.812392
1779,3.7081146
1780,3.3858993
1781,4.00443
1782,4.173469
1783,3.214794
1784,3.5268
1785,3.4289005
1786,3.4906259
1787,3.5516112
1788,3.3577034
1789,3.548194
1790,3.2638829
1791,3.2602181
1792,3.7150357
1793,3.5451877
1794,3.5524757
1795,4.6025677
1796,3.8250556
1797,3.575249
1798,3.142486
1799,3.8043058
1800,3.5928068
1801,4.186857
1802,3.2732508
1803,3.655637
1804,3.5708709
1805,4.0121226
1806,3.7347887
1807,3.703649
1808,4.063611
1809,3.9309528
1810,3.6759021
1811,3.5925224
1812,3.7039363
1813,3.6586874
1814,3.5597606
1815,3.5617256
1816,3.6351075
1817,3.774585
1818,3.1761913
1819,3.5973973
1820,3.2820065
1821,3.4978719
1822,3.7149768
1823,3.8048887
1824,3.9933038
1825,3.8027241
1826,4.142585
1827,3.5196187
1828,3.7127368
1829,3.3326788
1830,3.6741037
1831,3.758423
1832,3.4213953
1833,3.9303744
1834,4.1122093
1835,3.6641686
1836,3.422884
1837,4.440534
1838,3.1486113
1839,3.0527513
1840,3.4307466
1841,3.57214
1842,3.5256784
1843,4.158547
1844,3.758506
1845,3.9908738
1846,3.9416637
1847,3.857255
1848,3.6128023
1849,3.7305007
1850,3.695476
1851,3.9320562
1852,4.026343
1853,4.1564693
1854,3.946755
1855,3.5511026
1856,3.558079
1857,4.0890903
1858,4.4634266
1859,3.823277
1860,4.315452
1861,3.9036264
1862,3.5700016
1863,4.1078057
1864,4.5754786
1865,4.4849553
1866,3.8088994
1867,2.9902277
1868,3.2854648
1869,3.4552948
1870,3.8648825
1871,4.1545086
1872,3.5934334
1873,3.8029172
1874,3.7911558
1875,3.6232324
1876,3.4544857
1877,3.6266885
1878,3.727931
1879,3.5246165
1880,3.87925
1881,3.74329
1882,3.3443909
1883,3.637748
1884,3.7653298
1885,3.600069
1886,3.578599
1887,3.7074218
1888,3.678151
1889,3.371585
1890,3.1879778
1891,3.945594
1892,3.5095358
1893,4.0519323
1894,3.748355
1895,3.7753797
1896,3.4312057
1897,3.4720795
1898,3.7737494
1899,4.3328905
1900,3.6439524
1901,3.6613727
1902,3.6414523
1903,3.9746108
1904,4.598069
1905,3.926825
1906,3.8611698
1907,3.2735853
1908,3.274721
1909,3.4731145
1910,3.349812
1911,3.0071843
1912,3.3106053
1913,3.2637582
1914,3.7543435
1915,3.1586018
1916,3.2025263
1917,3.3916163
1918,3.326749
1919,3.786904
1920,4.2811766
1921,4.8474197
1922,3.4599829
1923,3.8722608
1924,4.3249884
1925,3.7715316
1926,3.7326646
1927,4.1327686
1928,3.6069758
1929,3.6778476
1930,3.978894
1931,3.0120196
1932,3.3662882
1933,3.282266
1934,3.4037476
1935,3.2252278
1936,3.6795871
1937,3.279842
1938,3.6955862
1939,3.5220165
1940,3.6331482
1941,3.7884243
1942,3.822606
1943,3.9760575
1944,3.7303443
1945,4.118124
1946,3.75135
1947,3.4626925
1948,2.9018598
1949,3.2622945
1950,2.8656573
1951,3.5157578
1952,3.3253257
1953,3.143469
1954,3.4554834
1955,3.320395
1956,3.1297214
1957,2.913575
1958,3.302686
1959,3.1826699
1960,3.7201297
1961,2.9370806
1962,3.1912851
1963,3.772348
1964,3.202077
1965,4.095978
1966,4.2127113
1967,3.580576
1968,3.8945642
1969,4.1975594
1970,3.9679344
1971,3.72321
1972,3.4794328
1973,3.6866503
1974,3.3920743
1975,3.2860296
1976,3.4203148
1977,3.1944416
1978,3.0746849
1979,3.4651158
1980,3.6874185
1981,3.3633995
1982,3.371017
1983,3.4318469
1984,3.9596264
1985,3.1497412
1986,3.1363635
1987,3.1530583
1988,3.0479078
1989,3.3406627
1990,3.7671254
1991,3.3426862
1992,3.045846
1993,3.7222402
1994,3.5694542
1995,3.4424052
1996,3.7799127
1997,3.314697
1998,3.5684655
1999,3.9374497
2000,3.227725
2001,3.717849
2002,3.2317383
2003,3.8154087
2004,3.8884776
2005,4.327514
2006,3.4879074
2007,4.1020203
2008,3.9905672
2009,3.9253912
2010,3.8691885
2011,4.3526206
2012,3.4107542
2013,3.6306458
2014,3.771584
2015,3.1281137
2016,4.554057
2017,4.531342
2018,3.5275848
2019,4.039429
2020,4.108944
2021,4.23272
2022,4.581324
2023,4.1626096
2024,3.2302299
2025,4.368789
2026,4.6554217
2027,4.0182943
2028,3.8840234
2029,3.8441663
2030,4.713499
2031,3.8295245
2032,3.804252
2033,3.7100568
2034,3.630337
2035,4.0674615
2036,3.6145177
2037,3.6744423
2038,3.2006602
2039,2.8885052
2040,3.6102355
2041,3.2371418
2042,3.2883453
2043,3.4038386
2044,3.852595
2045,4.0551953
2046,3.4015143
2047,4.3217907
2048,4.614717
2049,3.7817132
2050,4.3484883
2051,4.458814
2052,4.327927
2053,4.1094503
2054,4.8539715
2055,5.2736597
2056,4.1980114
2057,4.3682075
2058,4.4512744
2059,4.2063255
2060,4.443381
2061,3.7637715
2062,4.3921266
2063,4.501343
2064,4.236046
2065,4.0068464
2066,5.1717634
2067,4.5436735
2068,4.383888
2069,4.3167815
2070,3.9910102
2071,4.268338
2072,4.8354273
2073,4.2565923
2074,4.049702
2075,3.7755313
2076,4.719004
2077,3.709767
2078,3.327571
2079,3.841215
2080,4.444878
2081,4.050584
2082,4.1257014
2083,4.7624307
2084,4.9177246
2085,4.8400397
2086,4.8144803
2087,4.9030504
2088,4.5229506
2089,4.824764
2090,5.357799
2091,5.3739285
2092,5.305863
2093,5.760154
2094,4.775158
2095,5.5305047
2096,4.499887
2097,4.7735767
2098,4.2470794
2099,4.6364956
