time_ns,rmsd
0.0,5.696360638420372e-07
0.1,1.024554226228596
0.2,1.1088007041844912
0.30000000000000004,1.3336159568059003
0.4,1.353499780436864
0.5,1.5677265866963856
0.6000000000000001,1.4393221068893474
0.7000000000000001,1.2946151117309594
0.8,1.3835372046698873
0.9,1.6364389492464946
1.0,1.7066965032195118
1.1,1.7315596205178077
1.2000000000000002,1.7487872781625617
1.3,1.937997744888214
1.4000000000000001,2.0195198408657116
1.5,2.2824078850261587
1.6,2.3032996551148157
1.7000000000000002,2.161943248614903
1.8,2.483921058789132
1.9000000000000001,2.720294101126297
2.0,2.369866643531349
2.1,2.233524887782517
2.2,2.165623784411995
2.3000000000000003,2.395391847793396
2.4000000000000004,2.5510543392395975
2.5,2.1342950335927506
2.6,2.12080728844773
2.7,2.114317782340506
2.8000000000000003,2.377925393236872
2.9000000000000004,2.3682788378907937
3.0,2.557855736821491
3.1,2.5419550451524136
3.2,2.4955855586223277
3.3000000000000003,2.9278694086902193
3.4000000000000004,2.7018074910341525
3.5,2.5982819728169075
3.6,2.9007204208683715
3.7,2.61590743019727
3.8000000000000003,2.4746197150107077
3.9000000000000004,2.2521800831219716
4.0,2.141791435345114
4.1000000000000005,2.3387453969328713
4.2,2.4591534181184906
4.3,2.148934211309367
4.4,2.354214886861591
4.5,2.2817022675132317
4.6000000000000005,2.4508539433246628
4.7,2.3114730976885376
4.800000000000001,2.5882371968440534
4.9,2.527365944630843
5.0,2.49872637214289
5.1000000000000005,2.174133476636348
5.2,2.128328320411546
5.300000000000001,2.523045641031946
5.4,2.3989772332071895
5.5,2.335673944232521
5.6000000000000005,2.599988569693584
5.7,2.394251630299157
5.800000000000001,2.19325468910902
5.9,2.282055178833755
6.0,2.298869932978106
6.1000000000000005,2.3631232714115535
6.2,2.5044923638727377
6.300000000000001,2.5698119002000794
6.4,2.526631637374525
6.5,2.502994005366382
6.6000000000000005,2.3904809438150285
6.7,2.364594960224057
6.800000000000001,2.1835435792272193
6.9,2.246973426777912
7.0,2.421128928902096
7.1000000000000005,2.4622212872974947
7.2,2.1756696819697128
7.300000000000001,2.0134371965951168
7.4,1.937614778530477
7.5,2.244909323706144
7.6000000000000005,2.2614452754637284
7.7,2.290740416850981
7.800000000000001,2.5270107401251094
7.9,2.4626467139529975
8.0,1.8381512924768986
8.1,1.7295237453618093
8.200000000000001,2.1256842312393767
8.3,2.245852537299003
8.4,2.6820303957801315
8.5,2.9568906957455012
8.6,2.4285617656495617
8.700000000000001,2.3862163116891755
8.8,2.5463548223963035
8.9,2.5409045457540897
9.0,2.4047274082566594
9.1,2.172176350990096
9.200000000000001,2.09394908548692
9.3,2.5700704419267484
9.4,2.463623025552271
9.5,2.1256575696425446
9.600000000000001,2.2059595265173852
9.700000000000001,2.1023204892750593
9.8,2.0065830633341477
9.9,2.1277670987263777
10.0,2.2851143850901994
10.100000000000001,2.00824623579086
10.200000000000001,2.2113250672899674
10.3,2.3251538151246107
10.4,2.47642727039818
10.5,2.0131310350923317
10.600000000000001,1.8567287475888443
10.700000000000001,2.351604880997048
10.8,2.3405654419192645
10.9,2.512609370587938
11.0,2.066875988064692
11.100000000000001,1.7698282698325078
11.200000000000001,1.7186305683975684
11.3,1.8332429584462129
11.4,1.8454387225397393
11.5,1.9134744189054254
11.600000000000001,2.203178896673002
11.700000000000001,1.7360354016086303
11.8,1.8219846342515609
11.9,1.660848164810487
12.0,1.50268053289673
12.100000000000001,1.4241921567770257
12.200000000000001,1.3564334526521928
12.3,1.616368066200953
12.4,1.5573545119663017
12.5,1.7092012760310016
12.600000000000001,2.05742825714754
12.700000000000001,1.733864769380621
12.8,1.8257651570151838
12.9,1.9614514448637141
13.0,1.7899070457762596
13.100000000000001,1.885117666751025
13.200000000000001,1.8438025161567484
13.3,2.076478957337995
13.4,1.853782650758052
13.5,1.651301370064294
13.600000000000001,1.808294459959731
13.700000000000001,1.6818384248188467
13.8,1.7004501700003705
13.9,1.7052241888321795
14.0,1.901819598305214
14.100000000000001,1.6122563849544558
14.200000000000001,1.8723803216366686
14.3,1.7896913764932307
14.4,1.9083422213148353
14.5,2.0623971070860883
14.600000000000001,2.0167876217273233
14.700000000000001,1.733301042984952
14.8,1.9849408372311461
14.9,2.064786372924743
15.0,2.1347443934992043
15.100000000000001,1.9370357549223471
15.200000000000001,2.061597071540438
15.3,1.904420462537104
15.4,1.7312998343253425
15.5,1.7897808119856429
15.600000000000001,1.830918646867644
15.700000000000001,2.0913343529759163
15.8,2.2312297961356564
15.9,2.1988663214038766
16.0,2.0854289743555987
16.1,2.405535456707479
16.2,2.256660289861826
16.3,2.556989113021721
16.400000000000002,2.221669155272539
16.5,2.1309520503107735
16.6,2.0583050519349833
16.7,1.767375237554951
16.8,1.831406560634464
16.900000000000002,1.668891383820707
17.0,1.6935136898443526
17.1,1.8752637795431417
17.2,1.7230224548175583
17.3,1.5977823684005195
17.400000000000002,1.5083999543600326
17.5,1.5994006889990493
17.6,1.507361796782005
17.7,1.632599485898073
17.8,1.526392917204707
17.900000000000002,1.4023997947102227
18.0,1.6592762828078367
18.1,1.472444891764856
18.2,1.6442609429855017
18.3,1.6423730189504662
18.400000000000002,1.6424643287687108
18.5,1.4588343118135947
18.6,1.3909518002607926
18.7,1.5599229335281033
18.8,1.6620395872939677
18.900000000000002,1.7369151992307748
19.0,1.8952682422863034
19.1,1.611424180962457
19.200000000000003,1.7621062556401919
19.3,1.7524442443698296
19.400000000000002,1.7669297129631971
19.5,1.7132025845470897
19.6,1.8271454109564298
19.700000000000003,1.778379085137624
19.8,1.635250392531005
19.900000000000002,1.523680305660639
20.0,1.5533953120178388
20.1,1.7065178604286078
20.200000000000003,1.7812719090326072
20.3,1.840322951157179
20.400000000000002,1.8077666612081804
20.5,1.7021968869427826
20.6,1.6566724135152953
20.700000000000003,1.657890395755882
20.8,1.9163702000287044
20.900000000000002,1.7147685894053948
21.0,1.7610830979509011
21.1,1.8842122662440781
21.200000000000003,2.0934375276853494
21.3,2.0975039050756403
21.400000000000002,2.2190987538902647
21.5,1.815904576990492
21.6,1.6770964211533774
21.700000000000003,1.5814462775637201
21.8,1.5829640981415856
21.900000000000002,1.706916027283907
22.0,1.74991371054076
22.1,1.6852611112971032
22.200000000000003,1.9217915621607373
22.3,1.9257644923764747
22.400000000000002,1.90038854096265
22.5,1.8392163646997648
22.6,1.9638496147826714
22.700000000000003,1.8706325495892187
22.8,1.9173933086614927
22.900000000000002,1.9296568362027213
23.0,1.7554917124476122
23.1,1.896364140883327
23.200000000000003,2.0058800654163718
23.3,2.1883409317962776
23.400000000000002,2.27986027657499
23.5,2.2517760210441273
23.6,2.3069771503109315
23.700000000000003,2.005385254770774
23.8,1.8828582229132962
23.900000000000002,2.0831562846230507
24.0,2.151021734577397
24.1,1.8586504617099147
24.200000000000003,2.0153971531360155
24.3,2.2326824855248373
24.400000000000002,1.9890063161283715
24.5,1.9602329650119497
24.6,1.8120770753197621
24.700000000000003,1.8071346744297032
24.8,1.7049404250207256
24.900000000000002,1.7694093350192817
25.0,2.0680605254605604
25.1,1.8001865436062845
25.200000000000003,1.896475121262876
25.3,2.0039951182530427
25.400000000000002,1.8278689947157067
25.5,1.6455001445395558
25.6,1.6273455690028273
25.700000000000003,1.6267201178120783
25.8,1.6574266423361588
25.900000000000002,1.7355684194864875
26.0,1.8208164396932314
26.1,1.8372985901531445
26.200000000000003,2.012315847361641
26.3,1.9493073382582062
26.400000000000002,1.9346132729307972
26.5,2.05872597896405
26.6,1.967617800470116
26.700000000000003,1.9142876184565405
26.8,2.0255448145623
26.900000000000002,2.0956833311649237
27.0,2.0902223455841136
27.1,2.0597963490811377
27.200000000000003,2.240480668821745
27.3,2.126531216760633
27.400000000000002,2.120877517582843
27.5,2.0766793650196202
27.6,2.0416550640743876
27.700000000000003,2.140524195857143
27.8,2.249628555454435
27.900000000000002,2.0948850239060013
28.0,2.0768569872116234
28.1,2.0987801401102977
28.200000000000003,2.1117808102954103
28.3,1.9457783247900282
28.400000000000002,1.7750547318648517
28.5,2.1020557813642657
28.6,2.0802169012146545
28.700000000000003,2.1091503759617356
28.8,2.345879898006603
28.900000000000002,2.0144093416989555
29.0,2.1561750232390584
29.1,2.201677001017111
29.200000000000003,2.054728002180034
29.3,1.9935791605825444
29.400000000000002,2.046878521451795
29.5,2.1043753515930814
29.6,2.187358093189784
29.700000000000003,2.2696086213194433
29.8,2.2231225476075727
29.900000000000002,2.347344128588473
30.0,2.6219032360325714
30.1,2.522877861382224
30.200000000000003,2.6841469926981
30.3,2.523552632487988
30.400000000000002,2.4510779956523776
30.5,2.5099209735826675
30.6,2.585021238540657
30.700000000000003,2.4511971401805916
30.8,2.543341809205887
30.900000000000002,2.581284177910183
31.0,2.644031823562161
31.1,2.606240403102711
31.200000000000003,2.4459083298886695
31.3,2.584306119058977
31.400000000000002,2.6215851073970686
31.5,2.6160594032932534
31.6,2.6063333991995
31.700000000000003,2.461356911919023
31.8,2.348884629419049
31.900000000000002,2.3444913946730876
32.0,2.342818526670518
32.1,2.3662299263738262
32.2,2.264393994408018
32.300000000000004,2.235907210361499
32.4,2.2467190247022564
32.5,2.2976003813463266
32.6,2.3625126610932776
32.7,2.1054563557908628
32.800000000000004,2.359927389746702
32.9,2.3029593668857933
33.0,2.237705233957005
33.1,2.1368440315295154
33.2,2.2896175148201015
33.300000000000004,2.379484674969595
33.4,2.2088296492943797
33.5,2.2178307443152363
33.6,2.0829028763661883
33.7,2.121569119159067
33.800000000000004,2.267758219375335
33.9,2.2985060799777575
34.0,2.2549871761731874
34.1,2.2976561386392103
34.2,2.3779919451810927
34.300000000000004,2.1580328915700195
34.4,2.2438482556996533
34.5,2.393302823088107
34.6,2.461473439946583
34.7,2.396023207913673
34.800000000000004,2.2871580943477476
34.9,2.4880888692936627
35.0,2.1825108592628615
35.1,2.3738353199917364
35.2,2.1635877425523913
35.300000000000004,2.159303966957795
35.4,2.25379015264071
35.5,2.217656504920041
35.6,2.2730016316787722
35.7,2.303886468844314
35.800000000000004,2.2836891004445263
35.9,2.529131213431005
36.0,2.405396937257916
36.1,2.4156478868834794
36.2,2.4379150356427273
36.300000000000004,2.1286856184714424
36.4,2.3307678018059454
36.5,2.2513430535399697
36.6,2.2054590550713793
36.7,2.214792360880791
36.800000000000004,2.0172448820402606
36.9,2.2401416904850455
37.0,2.344728208169086
37.1,2.2063108106167513
37.2,2.315934782490731
37.300000000000004,2.109531912330617
37.4,2.007819482009746
37.5,2.2197114735420254
37.6,2.458954702039216
37.7,2.212910952598613
37.800000000000004,2.252681817035987
37.9,2.255412297184663
38.0,2.1393906109040346
38.1,2.3537681358016154
38.2,2.3635656561895564
38.300000000000004,2.3964658905647367
38.400000000000006,2.4309555058375967
38.5,2.344853975850816
38.6,2.5463615184888493
38.7,2.5426715895712606
38.800000000000004,2.408466625419462
38.900000000000006,2.5218391816762984
39.0,2.543253970604752
39.1,2.6164681552524143
39.2,2.6647781630509138
39.300000000000004,2.79530395075889
39.400000000000006,2.671222834234543
39.5,2.579882785772196
39.6,2.7310682484610878
39.7,2.682643001369673
39.800000000000004,2.42162756872368
39.900000000000006,2.5595091641313843
40.0,2.447992724568417
40.1,2.6080524493457102
40.2,2.6048967924624686
40.300000000000004,2.6322295742495863
40.400000000000006,2.8097022507407345
40.5,2.6407126024675924
40.6,2.5880933370035755
40.7,2.5252322539194156
40.800000000000004,2.6317770731778993
40.900000000000006,2.8859955668392465
41.0,2.8922781873898846
41.1,2.7990279606132624
41.2,2.7898228951698494
41.300000000000004,2.6668783580646487
41.400000000000006,2.9725625133300086
41.5,2.8774085669458267
41.6,2.7918739032645066
41.7,2.7618198956068776
41.800000000000004,2.8153062215315257
41.900000000000006,2.9274035429141056
42.0,2.9557799427922733
42.1,3.0951846225743305
42.2,2.952889789260975
42.300000000000004,2.7319095224302927
42.400000000000006,2.7069127411160547
42.5,2.8820412570487393
42.6,3.1489053528374047
42.7,3.003541791026395
42.800000000000004,3.0086835927904247
42.900000000000006,3.2772901203913936
43.0,2.9917100858543653
43.1,2.9237328304931247
43.2,2.885465629387505
43.300000000000004,2.924875636659363
43.400000000000006,3.0454468526963816
43.5,2.8115731236773693
43.6,2.84961717263548
43.7,2.5192938478427527
43.800000000000004,2.5819702869197805
43.900000000000006,2.7070184111733524
44.0,2.698889739647414
44.1,2.7913976601637187
44.2,2.7291063557034216
44.300000000000004,2.647601261452875
44.400000000000006,2.7082576790112887
44.5,2.849711355537006
44.6,2.9009309999037023
44.7,3.0228892258121576
44.800000000000004,3.035208087508605
44.900000000000006,2.9382920367228045
45.0,2.8622365649824615
45.1,2.7804595144178923
45.2,2.6886687456617286
45.300000000000004,2.9094744293312793
45.400000000000006,2.7946078333715625
45.5,2.9822053223811986
45.6,2.758672900783089
45.7,2.710360110527965
45.800000000000004,2.8824269056833276
45.900000000000006,3.062569133069277
46.0,2.924382357373824
46.1,2.9403439050487816
46.2,2.867207936767292
46.300000000000004,3.0076068017682998
46.400000000000006,2.9516495485555794
46.5,2.7343981792134766
46.6,3.034969828099733
46.7,2.92941853532615
46.800000000000004,2.9164908625997477
46.900000000000006,2.959884828898871
47.0,2.8780193615555705
47.1,2.7986302983213456
47.2,2.7455032891837337
47.300000000000004,2.7145298841668692
47.400000000000006,2.646790225150009
47.5,2.8969498252125043
47.6,2.545300194198785
47.7,2.7983965342802812
47.800000000000004,2.8227740227226312
47.900000000000006,2.744987568501504
48.0,2.8375840193917727
48.1,2.941705041563467
48.2,2.934946888962966
48.300000000000004,3.143433421586384
48.400000000000006,3.037687891214906
48.5,3.19841657436382
48.6,3.194280019897112
48.7,3.0537125058394463
48.800000000000004,2.9665281724979518
48.900000000000006,2.7821914941338464
49.0,2.8665979621255797
49.1,3.144927526022516
49.2,3.2860882945528624
49.300000000000004,3.374447124748437
49.400000000000006,3.3141735766485696
49.5,3.3536894549416294
49.6,3.458762042803652
49.7,3.6122536996280066
49.800000000000004,3.2751266111278574
49.900000000000006,3.092280514735852
50.0,3.269004733012212
50.1,3.325765338270534
50.2,3.379762355070106
50.300000000000004,3.154444534012724
50.400000000000006,3.321017766078022
50.5,3.1715077725229337
50.6,3.169738396891416
50.7,3.338608214122568
50.800000000000004,3.1862443703714343
50.900000000000006,3.2575430988755945
51.0,3.340396489171776
51.1,3.0848118372760562
51.2,3.0931137708004837
51.300000000000004,3.062681834612117
51.400000000000006,3.1668252032940414
51.5,2.9733735355542668
51.6,2.8536164644617292
51.7,2.8633152982055807
51.800000000000004,2.906877918917535
51.900000000000006,2.881873431578544
52.0,3.006432768849082
52.1,3.008704161435373
52.2,3.2594284102842717
52.300000000000004,3.512457320958251
52.400000000000006,3.3485571300840906
52.5,3.3505964104977584
52.6,3.1795125584491344
52.7,2.975680322286897
52.800000000000004,3.000505146817652
52.900000000000006,3.0191692197961673
53.0,2.9732694956449337
53.1,2.9678105941292747
53.2,2.927428612503776
53.300000000000004,3.0589873120954048
53.400000000000006,2.9754212475965987
53.5,2.8453129215359714
53.6,2.6014653532091785
53.7,2.7982011502854935
53.800000000000004,2.7103789931391358
53.900000000000006,2.6894885516342666
54.0,2.925485052933335
54.1,2.862508375139177
54.2,2.7102626803969927
54.300000000000004,2.7479816254218217
54.400000000000006,2.8334518727625273
54.5,3.043467416088496
54.6,3.0934234303268764
54.7,2.8775014723944072
54.800000000000004,2.895271023873808
54.900000000000006,3.122308147991024
55.0,2.907104232518122
55.1,2.847025145181862
55.2,2.722189911071621
55.300000000000004,2.673882656502138
55.400000000000006,2.87287483934737
55.5,2.8394227481506595
55.6,2.9327824385973074
55.7,2.8512400034952874
55.800000000000004,2.883504799884856
55.900000000000006,2.8721833390809395
56.0,2.942488203875318
56.1,3.017445162435519
56.2,2.81752763446732
56.300000000000004,2.6966052329273755
56.400000000000006,2.796956401499907
56.5,2.8739699490369004
56.6,2.784498413679353
56.7,2.734951140323325
56.800000000000004,2.8677005245792992
56.900000000000006,2.83962564202842
57.0,2.882087125046214
57.1,2.879055287164475
57.2,2.9232340762672657
57.300000000000004,2.725969259738692
57.400000000000006,2.8626064914070315
57.5,2.7642151083678814
57.6,2.804459576876237
57.7,2.867602746061525
57.800000000000004,3.1016334976916813
57.900000000000006,3.0935249033123173
58.0,2.903361149376731
58.1,3.010282002350952
58.2,2.8056520792512085
58.300000000000004,2.914055137150034
58.400000000000006,3.153259048780086
58.5,3.282736370292653
58.6,3.0379442571120014
58.7,3.058306866111877
58.800000000000004,3.0740503860159145
58.900000000000006,3.287384439757623
59.0,3.063026969150585
59.1,3.1477448799069743
59.2,2.969247513827555
59.300000000000004,3.092995637084991
59.400000000000006,3.0747023705473597
59.5,3.1666284369213393
59.6,3.144739145787662
59.7,3.028756192138103
59.800000000000004,3.0968533875512536
59.900000000000006,3.272520683198323
60.0,3.064994069104147
60.1,3.0653102152426484
60.2,3.1431924014360146
60.300000000000004,3.2021854950457214
60.400000000000006,3.042374955665948
60.5,3.132087236435799
60.6,3.5501694107878605
60.7,3.430976226939259
60.800000000000004,3.424966369898115
60.900000000000006,3.137658773860697
61.0,3.3016085023177704
61.1,3.195664181815359
61.2,3.368049705879578
61.300000000000004,3.496080681861235
61.400000000000006,3.5007259416527576
61.5,3.2294496788537264
61.6,3.2705011663088843
61.7,3.2757610277908187
61.800000000000004,3.3557652622014813
61.900000000000006,3.3902742775275185
62.0,3.2883132293759743
62.1,3.3419021526459693
62.2,3.1431829302450676
62.300000000000004,3.425355641956449
62.400000000000006,3.069630669143324
62.5,3.03677617683109
62.6,3.3309024202890822
62.7,3.2083937967658733
62.800000000000004,3.363104608105008
62.900000000000006,3.3269888013088478
63.0,3.315350703932923
63.1,3.302918524163795
63.2,3.092961449779798
63.300000000000004,2.9599625084381507
63.400000000000006,3.0352799593791553
63.5,3.182921521883177
63.6,3.1311199505470357
63.7,3.400117215676883
63.800000000000004,3.2752815385035388
63.900000000000006,3.416045300788795
64.0,3.2452062299282574
64.10000000000001,3.2974528411597754
64.2,3.344948851510609
64.3,3.2645065468307686
64.4,3.279989844546282
64.5,3.3607210176950493
64.60000000000001,3.302783540412587
64.7,3.3869627155995237
64.8,3.5568552045571287
64.9,3.338823301911283
65.0,3.40086787965198
65.10000000000001,3.2425469422509887
65.2,3.4257822125833846
65.3,3.144495709805458
65.4,3.360643124659263
65.5,3.389477651846604
65.60000000000001,3.5431992417928657
65.7,3.4333081202351727
65.8,3.19759034945904
65.9,3.261801163296729
66.0,3.3549338347437083
66.10000000000001,3.3192562729762423
66.2,3.2631516020163516
66.3,3.200207596402137
66.4,3.2065443477630136
66.5,3.341635232764326
66.60000000000001,3.3092029241976104
66.7,3.4638166988525785
66.8,3.3868724495230964
66.9,3.5246024815730834
67.0,3.5115082096181247
67.10000000000001,3.3692876487592107
67.2,3.5788762791018085
67.3,3.5745133332913106
67.4,3.627519941449103
67.5,3.6576832807195596
67.60000000000001,3.641984578657868
67.7,3.617461775786162
67.8,3.275611708481198
67.9,3.461482220680761
68.0,3.5379383724926017
68.10000000000001,3.4781359118386277
68.2,3.2911524321050942
68.3,3.376310888522953
68.4,3.433029636947736
68.5,3.4126005177979546
68.60000000000001,3.5062053041984975
68.7,3.306362678407295
68.8,3.4719997042253046
68.9,3.3121486635832507
69.0,3.4504752793295035
69.10000000000001,3.5735013112159604
69.2,3.4502059283629944
69.3,3.4299282777965288
69.4,3.3786070034758793
69.5,3.3899179996426274
69.60000000000001,3.575167007660794
69.7,3.7043406720557503
69.8,3.7702888452795817
69.9,3.6477463928817215
70.0,3.5194917036839675
70.10000000000001,3.423917801987335
70.2,3.5653971237794115
70.3,3.4419227440180302
70.4,3.5524733568987847
70.5,3.5221540308971093
70.60000000000001,3.466539622581059
70.7,3.5972386637749114
70.8,3.717002014170687
70.9,3.713704899501867
71.0,3.5916091533551353
71.10000000000001,3.6939631821349823
71.2,3.7082774397822686
71.3,3.6006032999551607
71.4,3.447201056297351
71.5,3.2689756364667977
71.60000000000001,3.6075019627695033
71.7,3.494777196328546
71.8,3.397101347337754
71.9,3.612942307789076
72.0,3.4433095148025066
72.10000000000001,3.4689199515237767
72.2,3.518425751847526
72.3,3.6942476200553673
72.4,3.7225117434205837
72.5,3.5890382576778985
72.60000000000001,3.6435496184293963
72.7,3.5124426329528187
72.8,3.6729693681403295
72.9,3.594219448362261
73.0,3.481052588293412
73.10000000000001,3.4251537990658876
73.2,3.5796452912826333
73.3,3.673211944327566
73.4,3.4854732186970714
73.5,3.594977936310677
73.60000000000001,3.4143273647277463
73.7,3.42440835079642
73.8,3.60429329212317
73.9,3.6206385804684227
74.0,3.5300490232292003
74.10000000000001,3.5526754557164644
74.2,3.7217559346382445
74.3,3.3095269779293144
74.4,3.200455232116311
74.5,3.2361285315127164
74.60000000000001,3.1705371093545494
74.7,3.157232729876177
74.8,3.2327822401774124
74.9,3.3015783973923907
75.0,3.334429307237776
75.10000000000001,3.5233813722118636
75.2,3.3994406073457735
75.3,3.5433537089764413
75.4,3.458128218543616
75.5,3.420895530720155
75.60000000000001,3.229766950490342
75.7,3.3937116640278133
75.8,3.6009302788900004
75.9,3.4211471072109596
76.0,2.950194764564768
76.10000000000001,3.2274602895831856
76.2,3.1045385877459344
76.3,3.165651127007986
76.4,3.10539464956006
76.5,3.2511527083073273
76.60000000000001,3.2162515989225984
76.7,3.4031692741472774
76.80000000000001,3.3769308888330185
76.9,3.209201187437069
77.0,3.4254931068606087
77.10000000000001,3.0896162366020445
77.2,3.0430919533851273
77.30000000000001,3.245318224940438
77.4,3.224079527443048
77.5,3.283971307478874
77.60000000000001,3.2309907479322546
77.7,3.591981121036018
77.80000000000001,3.4813246219566216
77.9,3.435723347968955
78.0,3.4785986240096363
78.10000000000001,3.408931150699438
78.2,3.1775144271518507
78.30000000000001,3.36875082389705
78.4,3.2384200555796476
78.5,3.2340548323710534
78.60000000000001,3.2300094246101674
78.7,3.4215405550765965
78.80000000000001,3.3413665144086426
78.9,3.334140179606084
79.0,3.414832773405886
79.10000000000001,3.3918987143752584
79.2,3.3328570997500053
79.30000000000001,3.5158294321129047
79.4,3.5503837204501236
79.5,3.574034451239366
79.60000000000001,3.4235063857908234
79.7,3.5103470394213767
79.80000000000001,3.4804318631608773
79.9,3.3638171053388755
80.0,3.336381171315468
80.10000000000001,3.18704504742163
80.2,3.2633619099196136
80.30000000000001,3.3619384142518585
80.4,3.514719630601836
80.5,3.9071889500345764
80.60000000000001,3.7620838561011793
80.7,3.6819205938960686
80.80000000000001,3.5092421392237774
80.9,3.5096119008034967
81.0,3.338744754150588
81.10000000000001,3.4650718363455923
81.2,3.4563303772383205
81.30000000000001,3.488363770096607
81.4,3.274110662993295
81.5,3.342211447089329
81.60000000000001,3.5748051950489916
81.7,3.3295535313248488
81.80000000000001,3.3277860232206056
81.9,3.4953452325334973
82.0,3.3684885398061004
82.10000000000001,3.2734673819172784
82.2,3.4566247596645483
82.30000000000001,3.5619576309277625
82.4,3.391501997088655
82.5,3.6603002479948508
82.60000000000001,3.3593140201112237
82.7,3.6734518380522574
82.80000000000001,3.574829159648606
82.9,3.3755589216402586
83.0,3.282447711411172
83.10000000000001,3.479191488730082
83.2,3.4287944149326615
83.30000000000001,3.408147257640807
83.4,3.5332779681405637
83.5,3.434330684590077
83.60000000000001,3.310496753084306
83.7,3.421638279849818
83.80000000000001,3.256102639552492
83.9,3.5130915957219244
84.0,3.492693680377543
84.10000000000001,3.459320078536523
84.2,3.836207862269809
84.30000000000001,3.9089966061978165
84.4,3.997471156493916
84.5,4.06489841641218
84.60000000000001,4.237626288031297
84.7,3.867713622754168
84.80000000000001,3.7904510655965757
84.9,3.771713119094034
85.0,3.6960770066848356
85.10000000000001,3.670397194087042
85.2,3.8597691764411497
85.30000000000001,3.7435194260249935
85.4,3.731457612809505
85.5,3.6379058339594788
85.60000000000001,3.464930792033103
85.7,3.558550090561867
85.80000000000001,3.44613894928246
85.9,3.273844900717031
86.0,3.503785338268898
86.10000000000001,3.7831898333148204
86.2,3.657964485042434
86.30000000000001,3.569026595540178
86.4,3.55305941040311
86.5,3.4896331097349322
86.60000000000001,3.3885452294486167
86.7,3.514944740450721
86.80000000000001,3.6680416587783427
86.9,3.7282195544672034
87.0,3.493241487595725
87.10000000000001,3.41603047101702
87.2,3.3721140089388975
87.30000000000001,3.420219634603574
87.4,3.5070860682276446
87.5,3.8002471723304394
87.60000000000001,3.627990383284553
87.7,3.6019241394287667
87.80000000000001,3.4514302821978577
87.9,3.448077472064418
88.0,3.331087055329279
88.10000000000001,3.351599815251873
88.2,3.3339110788059094
88.30000000000001,3.3318739144108123
88.4,3.630832009082967
88.5,3.6304968565554034
88.60000000000001,3.6385524284566277
88.7,3.44416328838536
88.80000000000001,3.690076014960973
88.9,3.7575321716866528
89.0,3.840257939335851
89.10000000000001,3.6740458903406985
89.2,3.7091697952324583
89.30000000000001,3.872548508879037
89.4,3.6878083988255437
89.5,4.025236313393585
89.60000000000001,3.5891430297209914
89.7,3.509069004076087
89.80000000000001,3.5754704835667117
89.9,3.455332329662006
90.0,3.7658007292695834
90.10000000000001,3.4630537398840726
90.2,3.730802251338745
90.30000000000001,3.6633773564387977
90.4,3.705452547028149
90.5,3.886854663564575
90.60000000000001,3.671884253402784
90.7,4.001669284344568
90.80000000000001,3.962425728998259
90.9,4.138330934234232
91.0,3.676723538051962
91.10000000000001,4.153280839013558
91.2,4.0155401326508695
91.30000000000001,4.24626343944871
91.4,3.9415734568240333
91.5,4.104599549956139
91.60000000000001,3.9894912387984163
91.7,3.843319913345855
91.80000000000001,4.154897878703964
91.9,4.178487963732208
92.0,4.204779270206396
92.10000000000001,4.233353462775107
92.2,3.858335891957496
92.30000000000001,3.8278084819034164
92.4,3.79328524898329
92.5,3.724165242667054
92.60000000000001,3.850850726665014
92.7,3.9483074582046958
92.80000000000001,3.7235339256968687
92.9,3.812153897833403
93.0,3.621258065612885
93.10000000000001,3.7410050452743038
93.2,3.929285806135881
93.30000000000001,3.7190232343246534
93.4,3.7878208447817885
93.5,3.929943781114129
93.60000000000001,3.851024977275735
93.7,4.012668527628705
93.80000000000001,3.7085865928523942
93.9,3.5323302740958895
94.0,3.7807655007746193
94.10000000000001,3.5392304021031027
94.2,3.536081497163197
94.30000000000001,3.5913476264395134
94.4,3.452694162308386
94.5,3.4428327176775024
94.60000000000001,3.543447718140862
94.7,3.522933841132348
94.80000000000001,3.66980558914707
94.9,3.4934353784809455
95.0,3.5347615772774135
95.10000000000001,3.5994615172056332
95.2,3.412221930436425
95.30000000000001,3.6572028950828
95.4,3.6264895548672014
95.5,3.4011647040256747
95.60000000000001,3.539825183897592
95.7,3.5139929599791153
95.80000000000001,3.6642332388722183
95.9,3.7351135823256523
96.0,3.5825766947196955
96.10000000000001,3.7126726687361886
96.2,3.6960354851163992
96.30000000000001,3.681556225591092
96.4,3.7889538363211677
96.5,3.5510563390081002
96.60000000000001,3.3742147438373333
96.7,3.47363364760955
96.80000000000001,3.738795004944693
96.9,3.7285683796445284
97.0,3.7493583714224927
97.10000000000001,3.409728293430172
97.2,3.4834814132661327
97.30000000000001,3.474136331218373
97.4,3.777415447797865
97.5,3.690151574792422
97.60000000000001,3.4874253263142867
97.7,3.396989266852628
97.80000000000001,3.731385991396182
97.9,3.815838765787507
98.0,3.744675923214166
98.10000000000001,3.766641159698365
98.2,3.8473770308851214
98.30000000000001,3.9756334045626605
98.4,3.8022043710110807
98.5,3.679069498447514
98.60000000000001,3.9960645111232815
98.7,3.810661192967075
98.80000000000001,4.019657099032351
98.9,4.0233781486943965
99.0,3.783190655098559
99.10000000000001,3.963629709715097
99.2,3.7534058064234235
99.30000000000001,3.6020395409635286
99.4,3.787872968401705
99.5,3.7566353397931684
99.60000000000001,4.089672575419067
99.7,3.8437737382977595
99.80000000000001,3.609750489136739
99.9,3.6331281762195875
100.0,3.6618332709142383
100.10000000000001,3.8128409795303457
100.2,3.7477119230111624
100.30000000000001,3.7846675427363445
100.4,3.751134447751427
100.5,3.329604178105008
100.60000000000001,3.442174364946229
100.7,3.433931261923146
100.80000000000001,3.4529219114645247
100.9,3.58995955865258
101.0,3.677233043005358
101.10000000000001,3.6725300319351737
101.2,3.800017877260115
101.30000000000001,3.9114509745684845
101.4,3.674834838643645
101.5,3.561167481391261
101.60000000000001,3.5472190847649285
101.7,3.502685259680051
101.80000000000001,3.5816364927096553
101.9,3.530240407666039
102.0,3.590923338537297
102.10000000000001,3.460244935774713
102.2,3.5935678398443835
102.30000000000001,3.589556024991736
102.4,3.490625167610541
102.5,3.4977230827194026
102.60000000000001,3.5486706553041425
102.7,3.702034885126796
102.80000000000001,3.6971454481849744
102.9,3.665495934264356
103.0,3.6851324294203573
103.10000000000001,3.652079740731051
103.2,3.4953031954206257
103.30000000000001,3.6775314014924945
103.4,3.7531821074813174
103.5,3.6698537892534624
103.60000000000001,3.674251351855201
103.7,3.7239125391261583
103.80000000000001,3.5655911116169223
103.9,3.6020580984824635
104.0,3.529767377037505
104.10000000000001,3.5031445908113015
104.2,3.783393138249533
104.30000000000001,3.9370061377238277
104.4,3.545040793387836
104.5,3.7623149494140775
104.60000000000001,3.5694616405393162
104.7,3.3520748204117914
104.80000000000001,3.550801656612432
104.9,3.6862405612968336
105.0,3.6739029109973957
105.10000000000001,3.6838625313820006
105.2,3.7849701306254473
105.30000000000001,3.7106159303763655
105.4,3.8955794214198782
105.5,3.6165926796375425
105.60000000000001,3.5987661651658365
105.7,3.338099410320956
105.80000000000001,3.3732002746955545
105.9,3.385531750848973
106.0,3.6282015526243443
106.10000000000001,3.639921867168253
106.2,3.519523803721847
106.30000000000001,3.733640491025564
106.4,3.813434425549689
106.5,3.5824927259590185
106.60000000000001,3.750243057735536
106.7,3.9051215524675844
106.80000000000001,3.891213410918761
106.9,3.605766719405414
107.0,3.7800693422386873
107.10000000000001,3.7422265153505703
107.2,3.648732442837088
107.30000000000001,3.855083287835604
107.4,3.8973471933789727
107.5,3.688770391380638
107.60000000000001,3.7120527318843846
107.7,3.588041931554392
107.80000000000001,3.6299387509565557
107.9,3.889544117681814
108.0,3.670136425624657
108.10000000000001,3.6206669336121906
108.2,3.78461990477577
108.30000000000001,3.754597120549263
108.4,3.6774830792850333
108.5,3.6802758349235045
108.60000000000001,3.6934731272319965
108.7,3.7814059083400617
108.80000000000001,3.6847880836428666
108.9,3.641434810934207
109.0,3.5702914574790654
109.10000000000001,3.3601295021969313
109.2,3.4086247429678993
109.30000000000001,3.3489450725878958
109.4,3.1828342230062483
109.5,2.9450625905295826
109.60000000000001,2.9510725444529258
109.7,3.1482747443053043
109.80000000000001,3.1547382014815915
109.9,3.44404453395238
110.0,3.3719949052445095
110.10000000000001,3.5423870089313034
110.2,3.6135708071618735
110.30000000000001,3.5319296236325717
110.4,3.508843989709426
110.5,3.3574037396099605
110.60000000000001,3.6650914545055966
110.7,3.4854584320006587
110.80000000000001,3.621783341724896
110.9,3.679687473556239
111.0,3.538811957486811
111.10000000000001,3.474500080966039
111.2,3.4330306742194026
111.30000000000001,3.3545556558421845
111.4,3.4272029415521077
111.5,3.4211381177226157
111.60000000000001,3.198127042189713
111.7,3.143111389503615
111.80000000000001,3.027807743174634
111.9,3.1241815280372554
112.0,3.329245238246098
112.10000000000001,3.2396809738446857
112.2,3.194561013374021
112.30000000000001,3.3192378706433585
112.4,3.3339988925628403
112.5,3.354668903649561
112.60000000000001,3.2946848020025614
112.7,3.283074570695969
112.80000000000001,3.179946198793505
112.9,3.0503138852905236
113.0,2.9954907740679997
113.10000000000001,3.065984686718356
113.2,3.2405189591439476
113.30000000000001,3.3229494933355443
113.4,3.4347761065523854
113.5,3.3118002507799176
113.60000000000001,3.488320875076915
113.7,3.424432528972544
113.80000000000001,3.204394236165532
113.9,3.0865853238920176
114.0,2.954404738196797
114.10000000000001,3.3280873536698747
114.2,3.1187707290581272
114.30000000000001,3.172750990102494
114.4,3.263444257488268
114.5,3.078345364608607
114.60000000000001,3.252352584713055
114.7,3.171361025724559
114.80000000000001,3.3686595944565205
114.9,3.544740621044037
115.0,3.3839209570377946
115.10000000000001,3.3905932167184125
115.2,3.2843489898224547
115.30000000000001,3.3256680321524748
115.4,3.7132402479971423
115.5,3.6242863729431987
115.60000000000001,3.7230829478949032
115.7,3.56257693038326
115.80000000000001,3.6887646984763496
115.9,3.7125574251280926
116.0,3.6126298881706247
116.10000000000001,3.6702714617084724
116.2,3.738241099409034
116.30000000000001,3.6210425358751377
116.4,3.415917204517577
116.5,3.465940360380099
116.60000000000001,3.6098343221299083
116.7,3.532297858030191
116.80000000000001,3.3489201500562285
116.9,3.2757425552042094
117.0,3.329724291309002
117.10000000000001,3.3796457439478216
117.2,3.32050165083509
117.30000000000001,3.4374349697953472
117.4,3.5513760988969216
117.5,3.494867468947834
117.60000000000001,3.392640039945391
117.7,3.5833458625158374
117.80000000000001,3.4066202446004463
117.9,3.384835112470491
118.0,3.495476623477813
118.10000000000001,3.5314377626743645
118.2,3.503053489995018
118.30000000000001,3.5195167679503383
118.4,3.388178689816819
118.5,3.5637092584514813
118.60000000000001,3.564084889498878
118.7,3.5742421831997606
118.80000000000001,3.5589652328209516
118.9,3.254348367080207
119.0,3.327106192737266
119.10000000000001,3.2452825798680514
119.2,3.25528966600702
119.30000000000001,3.2948381116985366
119.4,3.1991435456451462
119.5,3.2372788177873235
119.60000000000001,3.1496776908202344
119.7,3.6151742136641896
119.80000000000001,3.713442432675555
119.9,3.7419368889721754
120.0,3.47423038700895
120.10000000000001,3.6614026781852202
120.2,3.4698726731800726
120.30000000000001,3.5145754004113017
120.4,3.1503639573642457
120.5,3.3454210029723255
120.60000000000001,3.5586958313498225
120.7,3.6520115586478012
120.80000000000001,3.489413560430076
120.9,3.3718047376362628
121.0,3.551378849763795
121.10000000000001,3.708844478435378
121.2,3.6251817609069223
121.30000000000001,3.4409920812153936
121.4,3.461797445134923
121.5,3.661443529486903
121.60000000000001,3.5664964033900532
121.7,3.4072998134154155
121.80000000000001,3.1592727100694553
121.9,3.3136315080628997
122.0,3.0900682830015826
122.10000000000001,3.3982107072277
122.2,3.0563549428420003
122.30000000000001,3.1586778612299633
122.4,3.069425773260984
122.5,3.0394382380173806
122.60000000000001,3.2119758663905804
122.7,3.1412509000260913
122.80000000000001,3.1301932973317133
122.9,3.3046884542377177
123.0,3.201089470081722
123.10000000000001,3.3057853834722346
123.2,3.348301456789761
123.30000000000001,3.262583912059566
123.4,3.124220330350223
123.5,3.0934038174857035
123.60000000000001,2.940612462353914
123.7,3.27715556553413
123.80000000000001,3.2803784247511185
123.9,3.2716212524319275
124.0,3.4273837700632477
124.10000000000001,3.497973070468558
124.2,3.315026549942877
124.30000000000001,3.5379950521240997
124.4,3.43107314787351
124.5,3.2494044294912103
124.60000000000001,3.326808071681593
124.7,3.1424154933688175
124.80000000000001,3.209780830671349
124.9,3.2475026523568618
125.0,3.2104557368244246
125.10000000000001,3.1419710628916055
125.2,3.3325240367579596
125.30000000000001,3.309719703959153
125.4,3.1204296030885987
125.5,3.2710223333677995
125.60000000000001,3.274417442502326
125.7,3.2175409839723224
125.80000000000001,3.3891114849123753
125.9,3.2491916108435555
126.0,3.393505198749005
126.10000000000001,3.5137792449853555
126.2,3.551807179729708
126.30000000000001,3.512330649002778
126.4,3.412945671279307
126.5,3.1680973151738985
126.60000000000001,3.437054849153386
126.7,3.284186189414578
126.80000000000001,3.291884838217299
126.9,3.181721602620786
127.0,3.2918552293184766
127.10000000000001,3.110222600177934
127.2,3.160444682196205
127.30000000000001,3.177074138731129
127.4,3.161539594269338
127.5,3.2306257476401488
127.60000000000001,3.235773081598002
127.7,3.2525437626232274
127.80000000000001,2.9722329912364116
127.9,2.9095206834147938
128.0,3.1236799333276997
128.1,3.0215569840012666
128.20000000000002,3.2616185973175447
128.3,3.1195444167576274
128.4,3.4156710636469456
128.5,3.483691968549335
128.6,3.234176695655391
128.70000000000002,3.3488081307820425
128.8,3.2673117549643456
128.9,3.120262755522679
129.0,3.1847543794438704
129.1,3.4270801283444667
129.20000000000002,3.6294525430466575
129.3,3.36203901168059
129.4,3.3836783212655934
129.5,3.365746309341773
129.6,3.452359849648573
129.70000000000002,3.399335841597928
129.8,3.562922927272942
129.9,3.5017461695757057
130.0,3.155177430458743
130.1,3.302255539490545
130.20000000000002,3.2406560053541784
130.3,3.265554192404705
130.4,3.128265083385767
130.5,3.2580486894819902
130.6,3.3569713683243743
130.70000000000002,3.3341412343918013
130.8,3.335413032348405
130.9,3.4380807825837594
131.0,3.2769680251615356
131.1,3.351603332245887
131.20000000000002,3.4468498792067583
131.3,3.3442304035367445
131.4,3.281204145753889
131.5,3.173178440421868
131.6,3.1882858612069898
131.70000000000002,3.3212366048315136
131.8,3.4360867046165984
131.9,3.463478538502687
132.0,3.4794388386555553
132.1,3.480170921439143
132.20000000000002,3.2612160438184716
132.3,3.1657848496495866
132.4,3.3614174695005348
132.5,3.200435285264673
132.6,3.286552236623013
132.70000000000002,3.2801858941231035
132.8,3.469084235967375
132.9,3.353566921058481
133.0,3.4931072203551166
133.1,3.3611138641127085
133.20000000000002,3.57920122926196
133.3,3.1784068450106306
133.4,3.3136362800557957
133.5,3.3548410200692405
133.6,3.21602473412677
133.70000000000002,3.1097017770467965
133.8,3.2947131932835316
133.9,3.2390360215568803
134.0,3.189861133479036
134.1,3.2574951082425487
134.20000000000002,3.203380590707478
134.3,3.2977271418604834
134.4,3.322016087122294
134.5,3.344405495713179
134.6,3.289134487054699
134.70000000000002,3.27588379137031
134.8,3.3266905350861067
134.9,3.2963772738024213
135.0,3.2637109708797083
135.1,3.326458661837068
135.20000000000002,3.3209847258617025
135.3,3.3569980589062416
135.4,3.3630394252135667
135.5,3.5537100182280055
135.6,3.3392127435075034
135.70000000000002,3.3902476879464083
135.8,3.498578761696862
135.9,3.5592594225781458
136.0,3.546633220789412
136.1,3.488788233669909
136.20000000000002,3.25429299036965
136.3,3.3879752599518564
136.4,3.30870397832938
136.5,3.4351755061324636
136.6,3.503188101087466
136.70000000000002,3.719835738811385
136.8,3.4191371268991704
136.9,3.4125598911788355
137.0,3.57075235329674
137.1,3.7132811863662143
137.20000000000002,3.570618738796785
137.3,3.5435302276226803
137.4,3.8525873116078158
137.5,3.6272704516131444
137.6,3.465392391163608
137.70000000000002,3.4654467318882998
137.8,3.730383028458456
137.9,3.552329845010978
138.0,3.5457626999803837
138.1,3.4619991165638226
138.20000000000002,3.57684074643397
138.3,3.5878590677742106
138.4,3.5876087608665777
138.5,3.5452492686681913
138.6,3.392879888222677
138.70000000000002,3.4082896511287024
138.8,3.6947041105501928
138.9,3.530021596206364
139.0,3.609336368106498
139.1,3.671378723607778
139.20000000000002,3.525968860209491
139.3,3.42765632092861
139.4,3.610486197800434
139.5,3.5805132522651966
139.6,3.5099413755345994
139.70000000000002,3.3514704740991004
139.8,3.4927208460966623
139.9,3.4401086193592882
140.0,3.498216061151521
140.1,3.50497001870363
140.20000000000002,3.309695038022812
140.3,3.246262458319915
140.4,3.522976069444705
140.5,3.321762121308668
140.6,3.2679634237787987
140.70000000000002,3.6331761614288536
140.8,3.58434363170152
140.9,3.6503571328072484
141.0,3.6812633337344756
141.1,3.5311305076655746
141.20000000000002,3.6680699218295048
141.3,3.562334620530339
141.4,3.4183647296600497
141.5,3.5906823518555213
141.6,3.6371029631165697
141.70000000000002,3.572190839930306
141.8,3.4481994932908537
141.9,3.3030023763538705
142.0,3.481330913986529
142.1,3.30119636726825
142.20000000000002,3.470722850308993
142.3,3.310272571812854
142.4,3.4038775390937217
142.5,3.5842431530626846
142.6,3.5876401641574978
142.70000000000002,3.405679852916059
142.8,3.486548516597583
142.9,3.6014367379927226
143.0,3.39157520471092
143.1,3.2900736904270977
143.20000000000002,3.5297206805307373
143.3,3.5087846710068993
143.4,3.327204151261675
143.5,3.42610766015471
143.6,3.3234894421746297
143.70000000000002,3.4507422057895676
143.8,3.434815903637097
143.9,3.610894372843531
144.0,3.7272220909803644
144.1,3.625303257029532
144.20000000000002,3.7099872908467963
144.3,3.4950228313401848
144.4,3.560619832201276
144.5,3.5124992726167723
144.6,3.5042175455849303
144.70000000000002,3.5483528146320547
144.8,3.3456853056458233
144.9,3.440054656516348
145.0,3.52414737824205
145.1,3.274048068167279
145.20000000000002,3.2400211910844083
145.3,3.33782819971638
145.4,3.380070936091456
145.5,3.424074690758578
145.6,3.304860730809306
145.70000000000002,3.535572281205419
145.8,3.442233215367866
145.9,3.550891237239371
146.0,3.3329980212078834
146.1,3.4541416938515836
146.20000000000002,3.5127044440589104
146.3,3.5688001736514208
146.4,3.4926069993490114
146.5,3.5420464238490488
146.6,3.625844708437884
146.70000000000002,3.6578736391954476
146.8,3.7190560292735833
146.9,3.6420418357715203
147.0,3.4446823867830756
147.1,3.554049888722779
147.20000000000002,3.68848870721519
147.3,3.7618253892602116
147.4,3.444156796007874
147.5,3.689696500149321
147.6,3.614271941783505
147.70000000000002,3.483813244449843
147.8,3.393283430354383
147.9,3.612683459155905
148.0,3.383111719358109
148.1,3.5973475786593117
148.20000000000002,3.289620706036365
148.3,3.287217829050475
148.4,3.316970179651287
148.5,3.444977531072622
148.6,3.3596119891647835
148.70000000000002,3.5825745333215306
148.8,3.46132765913176
148.9,3.4887439977326857
149.0,3.38320660988264
149.1,3.704568266094597
149.20000000000002,3.4554215534991344
149.3,3.467971486628652
149.4,3.418226004729128
149.5,3.3821204048714426
149.6,3.5008064229438443
149.70000000000002,3.431218494386882
149.8,3.359553242863496
149.9,3.4389240750074244
150.0,3.6881020405231557
150.1,3.51665512857233
150.20000000000002,3.6358501848961913
150.3,3.412887642382778
150.4,3.5701297758251114
150.5,3.7693188578266374
150.6,3.6655021328057966
150.70000000000002,3.6178467907966096
150.8,3.654054615558056
150.9,3.655770735005636
151.0,3.736931120339125
151.1,3.4682102852934094
151.20000000000002,3.357758996674994
151.3,3.4275903076667733
151.4,3.6254807122264525
151.5,3.5309416435386316
151.6,3.344927475456154
151.70000000000002,3.368853799227104
151.8,3.59279923808038
151.9,3.5197049374944425
152.0,3.427127083858909
152.1,3.3946911232110604
152.20000000000002,3.535360025954347
152.3,3.474537471160685
152.4,3.2359400738892083
152.5,3.299720962496521
152.6,3.227595287430266
152.70000000000002,3.3329373998951075
152.8,3.5699013538748274
152.9,3.285833758963888
153.0,3.2963504926960536
153.1,3.1086293100983737
153.20000000000002,3.320415527276827
153.3,3.2741782362313434
153.4,3.383948143235969
153.5,3.101426206599359
153.60000000000002,3.096487750417482
153.70000000000002,3.3727521335216717
153.8,3.3489167687685044
153.9,3.3481775994560734
154.0,3.17499352806085
154.10000000000002,3.481408616718328
154.20000000000002,3.387889501587581
154.3,3.4880286230170254
154.4,3.3869856821189526
154.5,3.3955134250093475
154.60000000000002,3.338793045578793
154.70000000000002,3.4505027639774872
154.8,3.371716069860451
154.9,3.5574418212595744
155.0,3.6325926194335554
155.10000000000002,3.5427413446378577
155.20000000000002,3.571208230209853
155.3,3.627667795483956
155.4,3.5064449082245637
155.5,3.4865413392891176
155.60000000000002,3.595314293044844
155.70000000000002,3.261780037717844
155.8,3.145521022084053
155.9,3.5165753148488395
156.0,3.4047461595480772
156.10000000000002,3.3539993993963213
156.20000000000002,3.459148416719444
156.3,3.3240721753312346
156.4,3.236651323492159
156.5,3.3395297628843776
156.60000000000002,3.3996188938756777
156.70000000000002,3.4493569698171167
156.8,3.483499275826254
156.9,3.4216453264867597
157.0,3.418388410275011
157.10000000000002,3.4030559482882006
157.20000000000002,3.3636213406206568
157.3,3.3387677902262483
157.4,3.597182007167952
157.5,3.64206019930763
157.60000000000002,3.576537198968293
157.70000000000002,3.6810911606820955
157.8,3.516442281368318
157.9,3.3658680236858176
158.0,3.445946858314434
158.10000000000002,3.445427712880397
158.20000000000002,3.377079822782494
158.3,3.4767491751599904
158.4,3.490652223403553
158.5,3.450162975548256
158.60000000000002,3.5358871087752823
158.70000000000002,3.546788627862097
158.8,3.484931034775387
158.9,3.2512276782201006
159.0,3.2854823880024924
159.10000000000002,3.5540313754767805
159.20000000000002,3.7688415641573485
159.3,3.5424883590639435
159.4,3.548827296870702
159.5,3.569670761726463
159.60000000000002,3.734437788736809
159.70000000000002,3.6351944860509433
159.8,3.565492165578372
159.9,3.623697207183791
160.0,3.455091283589079
160.10000000000002,3.392841182492855
160.20000000000002,3.602671950221954
160.3,3.476795112830447
160.4,3.3734552158376405
160.5,3.3903360275944556
160.60000000000002,3.1736778193911968
160.70000000000002,3.085672518915215
160.8,3.2601736597376427
160.9,3.2282036412541775
161.0,3.555548585783711
161.10000000000002,3.491270502367646
161.20000000000002,3.322839483941768
161.3,3.4967631549359166
161.4,3.4215668451861196
161.5,3.5066816487849573
161.60000000000002,3.5024445837222884
161.70000000000002,3.6532017796519227
161.8,3.808866846585535
161.9,3.527218516475707
162.0,3.574255647700167
162.10000000000002,3.650853904563254
162.20000000000002,3.6350398681055687
162.3,3.5696814347030337
162.4,3.582103585706983
162.5,3.7339966219984664
162.60000000000002,3.709490782729851
162.70000000000002,3.6797619378607336
162.8,3.613127106749486
162.9,3.677068257529694
163.0,3.816710033377051
163.10000000000002,3.6179584216120184
163.20000000000002,3.624539655487302
163.3,3.551216126235452
163.4,3.6601927633255165
163.5,3.762741375396793
163.60000000000002,3.7398933283639044
163.70000000000002,3.764251697290286
163.8,3.5373790526456736
163.9,3.4557878427275663
164.0,3.2778552972460795
164.10000000000002,3.4507405085297687
164.20000000000002,3.1953616560088345
164.3,3.296289517708676
164.4,3.2906594150105866
164.5,3.391669907648165
164.60000000000002,3.277284091778544
164.70000000000002,3.4369812491618426
164.8,3.5191123411638974
164.9,3.3612536281309784
165.0,3.3856688238947106
165.10000000000002,3.463856830736084
165.20000000000002,3.2758636511043635
165.3,3.2476557054308466
165.4,3.3761465373929713
165.5,3.400236632085698
165.60000000000002,3.3651958606012946
165.70000000000002,3.522549111158951
165.8,3.3013825365180463
165.9,3.0646982377861787
166.0,3.3448659214205287
166.10000000000002,3.3756555101250116
166.20000000000002,3.4030025324975686
166.3,3.2109753552566174
166.4,3.0782260637195336
166.5,3.0753552638127424
166.60000000000002,3.0963875477862977
166.70000000000002,3.1201039442849092
166.8,3.225719404047815
166.9,3.4566466009063026
167.0,3.5372083437050175
167.10000000000002,3.39808886493362
167.20000000000002,3.8225071757696774
167.3,3.6949871327298864
167.4,3.780953516299044
167.5,3.643899191086411
167.60000000000002,3.815366222857014
167.70000000000002,3.7818022796842885
167.8,3.7006356659568116
167.9,3.5213116633318085
168.0,3.784596675401279
168.10000000000002,3.9152983494931832
168.20000000000002,3.9224336097492403
168.3,3.889599315321281
168.4,4.143094582336016
168.5,4.122839820011535
168.60000000000002,4.158034828669014
168.70000000000002,3.984803277398427
168.8,4.065163971080765
168.9,3.9967386309807567
169.0,4.123662566231297
169.10000000000002,3.9894205240897045
169.20000000000002,4.0657863464659405
169.3,3.938080401897293
169.4,3.9415174065064944
169.5,4.202223908517975
169.60000000000002,4.055034315695422
169.70000000000002,3.8639720433149622
169.8,3.789332481456887
169.9,3.6588957955165995
170.0,3.662516006020239
170.10000000000002,3.730545594585856
170.20000000000002,3.9679178027520656
170.3,4.081062570339242
170.4,3.927640839847251
170.5,3.676855101837352
170.60000000000002,3.4172616701553733
170.70000000000002,3.291692609754322
170.8,3.031362621267497
170.9,3.1362534796127033
171.0,3.1606807509265153
171.10000000000002,3.364047908714721
171.20000000000002,3.3511324276998073
171.3,3.1331262346628024
171.4,3.319339205371926
171.5,3.3283086968969418
171.60000000000002,3.324414128037272
171.70000000000002,3.33141508928996
171.8,3.492833206109638
171.9,3.3622985394228766
172.0,3.4615692256858472
172.10000000000002,3.5021044724217596
172.20000000000002,3.25673664997537
172.3,3.2695937274048545
172.4,3.2882339164715946
172.5,3.286314657148872
172.60000000000002,3.265627142761523
172.70000000000002,3.066552627995814
172.8,3.337254075337656
172.9,3.2126903919215035
173.0,3.3907851773273348
173.10000000000002,3.2981768509997207
173.20000000000002,3.5936491564526154
173.3,3.219516958870249
173.4,3.0953143164073103
173.5,3.3572981640773802
173.60000000000002,3.348693721543963
173.70000000000002,3.6164476165473523
173.8,3.2585318801747394
173.9,3.2517146004709234
174.0,3.2649656261280877
174.10000000000002,3.2715689342919925
174.20000000000002,3.4878093051660883
174.3,3.310770380129135
174.4,3.310493294429542
174.5,3.1870824599437415
174.60000000000002,3.1360444036932775
174.70000000000002,3.330996915698452
174.8,3.2814594288414196
174.9,3.5271577158477108
175.0,3.3365646718491186
175.10000000000002,3.348275436097666
175.20000000000002,3.3432533638255046
175.3,3.3023341322290944
175.4,3.1951462508825315
175.5,3.1857079477159043
175.60000000000002,3.587328909776077
175.70000000000002,3.383421479079446
175.8,3.400197353642146
175.9,3.4718646553034382
176.0,3.4103937401473043
176.10000000000002,3.365219016110203
176.20000000000002,3.1635598726502607
176.3,3.271359345110672
176.4,3.47622129595914
176.5,3.392047446845336
176.60000000000002,3.6546964875371493
176.70000000000002,3.5193165782322695
176.8,3.5253009259473664
176.9,3.354151061632415
177.0,3.5012260991696476
177.10000000000002,3.4554350196364716
177.20000000000002,3.4383130340914545
177.3,3.662109882613758
177.4,3.8196737524429234
177.5,3.5602487071408304
177.60000000000002,3.4291913043926576
177.70000000000002,3.5699346669004375
177.8,3.285505303640773
177.9,3.291946591580958
178.0,3.3232448935519314
178.10000000000002,3.474102263348847
178.20000000000002,3.1579303280404654
178.3,3.1630800951715616
178.4,3.297068022554117
178.5,3.345971179732415
178.60000000000002,3.3646439721142998
178.70000000000002,3.611008579712871
178.8,3.3517129881841625
178.9,3.3730587849867826
179.0,3.464500921440236
179.10000000000002,3.411488078285082
179.20000000000002,3.3988989115101305
179.3,3.5858860564711748
179.4,3.583718904400167
179.5,3.674864096115716
179.60000000000002,3.65360387432174
179.70000000000002,3.3810711280164396
179.8,3.3431806004204025
179.9,3.142590614524406
180.0,3.41661761716928
180.10000000000002,3.569190232545047
180.20000000000002,3.5041111404534466
180.3,3.567739617001209
180.4,3.442906925847537
180.5,3.5185922305430233
180.60000000000002,3.5563028544433957
180.70000000000002,3.4815378746317207
180.8,3.358303074239321
180.9,3.5321066477592735
181.0,3.500268255187495
181.10000000000002,3.5101855718565775
181.20000000000002,3.4547100360793213
181.3,3.4480189313128062
181.4,3.5481801373741653
181.5,3.4017781240119884
181.60000000000002,3.325357037436645
181.70000000000002,3.5135969669502196
181.8,3.4294014666915644
181.9,3.712620358668846
182.0,3.3860472841543166
182.10000000000002,3.502854027387394
182.20000000000002,3.479917566559248
182.3,3.716495181810826
182.4,3.64830338613758
182.5,3.8031912725560053
182.60000000000002,3.6796248902269624
182.70000000000002,3.438206773465407
182.8,3.414535761069122
182.9,3.4159668045050906
183.0,3.256927300915564
183.10000000000002,3.4065878993405456
183.20000000000002,3.588935132669669
183.3,3.4812734966023573
183.4,3.541495038188708
183.5,3.2995754594378717
183.60000000000002,3.333737071869866
183.70000000000002,3.598817337174478
183.8,3.5167622862893704
183.9,3.6170525320676075
184.0,3.8801451233086706
184.10000000000002,3.768272078483722
184.20000000000002,3.459782496656619
184.3,3.526122911110105
184.4,3.5465932053185845
184.5,3.7437238468828093
184.60000000000002,3.5307034796924834
184.70000000000002,3.592634631835744
184.8,3.677938969028692
184.9,3.7407969689667833
185.0,3.52947182902898
185.10000000000002,3.5935988340613685
185.20000000000002,3.5181198383681487
185.3,3.3684056934925746
185.4,3.462867891558777
185.5,3.455781053222555
185.60000000000002,3.579350318818751
185.70000000000002,3.6565378111889504
185.8,3.6903990505773097
185.9,3.5937862040931137
186.0,3.672971724607855
186.10000000000002,3.643713782043562
186.20000000000002,3.829888950629363
186.3,3.640413248364418
186.4,3.727634466006091
186.5,3.64020451857454
186.60000000000002,3.528243010081152
186.70000000000002,3.668079447306727
186.8,3.561238536478263
186.9,3.7230553100610906
187.0,3.607458529350839
187.10000000000002,3.6526759032266165
187.20000000000002,3.6111569511729633
187.3,3.7351801845838697
187.4,3.7703445971173486
187.5,3.4744856978473093
187.60000000000002,3.617809451449228
187.70000000000002,3.3707950744884823
187.8,3.5628171657884082
187.9,3.8419354976629205
188.0,3.9062739807614593
188.10000000000002,3.8304970375832204
188.20000000000002,3.720120360944504
188.3,3.7590448079207954
188.4,3.8025044327105677
188.5,3.6458213631967045
188.60000000000002,3.748908510113053
188.70000000000002,3.8025453248032597
188.8,3.789580696773693
188.9,3.8122866260238513
189.0,3.9966749326242423
189.10000000000002,3.7916887386978204
189.20000000000002,3.6643665127872715
189.3,3.7625650471968988
189.4,3.8357011109901107
189.5,3.6999870253201093
189.60000000000002,3.727715008171039
189.70000000000002,3.680617746580207
189.8,3.6043555388772157
189.9,3.5204413371420005
190.0,3.5317755473006023
190.10000000000002,3.6366166528089545
190.20000000000002,3.7017963487161984
190.3,3.834756437168216
190.4,3.906288789845637
190.5,3.723007962117012
190.60000000000002,3.806025978462319
190.70000000000002,3.662085342178825
190.8,3.846956776476282
190.9,3.837722124988523
191.0,3.795901302119626
191.10000000000002,3.8249675240006127
191.20000000000002,3.7084462327071455
191.3,3.7174691581216712
191.4,3.8656073336561763
191.5,4.009984434722856
191.60000000000002,4.0284196319594665
191.70000000000002,3.9428802152789064
191.8,3.954163582755202
191.9,3.7859358724800725
192.0,3.925141005196366
192.10000000000002,3.9076007425441937
192.20000000000002,3.773864189394802
192.3,4.039548317948949
192.4,4.108287459632468
192.5,4.0706173309597595
192.60000000000002,3.66791846426237
192.70000000000002,3.75171221429199
192.8,3.914391298800888
192.9,4.0149541663888915
193.0,4.001257383928813
193.10000000000002,3.9716887683398334
193.20000000000002,3.963517409790359
193.3,4.029029463793777
193.4,4.0429952976658825
193.5,4.024383043942653
193.60000000000002,3.9638516313288594
193.70000000000002,3.7937111207371275
193.8,3.9181478145645223
193.9,3.9777740629805742
194.0,3.8651425988711554
194.10000000000002,3.978411899388414
194.20000000000002,4.004154029957664
194.3,3.7753255889164077
194.4,3.6787223408161007
194.5,3.68073047098858
194.60000000000002,3.8298318957110027
194.70000000000002,3.712913279892524
194.8,3.634191260855689
194.9,3.8057155474459883
195.0,3.72381112765821
195.10000000000002,3.6431659228459963
195.20000000000002,3.6869608174995765
195.3,3.683552085050624
195.4,3.677456639817912
195.5,3.72185822783362
195.60000000000002,4.019989064910824
195.70000000000002,3.932584578657906
195.8,3.811724092787839
195.9,3.6115461825986284
196.0,3.8084104792969535
196.10000000000002,3.6224893411721966
196.20000000000002,3.6552136473373613
196.3,3.802165112981207
196.4,3.6298391298866233
196.5,3.5734394476336897
196.60000000000002,3.7573295971634035
196.70000000000002,3.8744122262403766
196.8,3.697014072454903
196.9,3.803013048385259
197.0,3.8756703748313606
197.10000000000002,3.952535887388343
197.20000000000002,3.881285808792129
197.3,4.008718971518451
197.4,3.838524033023825
197.5,3.834315877365892
197.60000000000002,3.956375236603764
197.70000000000002,3.731123693637006
197.8,3.932701061755767
197.9,3.9768392117104385
198.0,3.94361537448289
198.10000000000002,3.8168521627106897
198.20000000000002,3.606187073314823
198.3,3.587696982746211
198.4,3.6214997067610764
198.5,3.573181917268499
198.60000000000002,3.7659854270476725
198.70000000000002,3.7591737947133548
198.8,3.920567843701309
198.9,3.985419816332524
199.0,4.11104241152667
199.10000000000002,3.946819762587484
199.20000000000002,3.6098253047698834
199.3,3.7794425070738114
199.4,3.8921809805373133
199.5,4.011604882616611
199.60000000000002,3.9839071507035264
199.70000000000002,3.779932003946517
199.8,3.794807771919735
199.9,3.777765929231116
200.0,3.735816663289882
200.10000000000002,3.711867037370212
200.20000000000002,3.6089458041168534
200.3,3.630408757930167
200.4,3.717820108712853
200.5,3.6351065533826183
200.60000000000002,3.6538142768862065
200.70000000000002,3.6076061107430384
200.8,3.578801467278677
200.9,3.732827255516598
201.0,3.6021552403380674
201.10000000000002,3.7617119477857903
201.20000000000002,3.5929162434698205
201.3,3.7229444135429954
201.4,3.9036193970930357
201.5,3.680854653652304
201.60000000000002,3.707368747822442
201.70000000000002,3.7608522005044938
201.8,3.5288775249339026
201.9,3.4884240825334873
202.0,3.731614715443246
202.10000000000002,3.535680503980425
202.20000000000002,3.4330049652309613
202.3,3.4558422906412347
202.4,3.4349837402117953
202.5,3.548544591152336
202.60000000000002,3.544489022547722
202.70000000000002,3.565472138932269
202.8,3.460754166750773
202.9,3.5952904524438645
203.0,3.331197714320564
203.10000000000002,3.4891177905350683
203.20000000000002,3.63941318844754
203.3,3.4583273901890332
203.4,3.5526571580866273
203.5,3.5096812126947685
203.60000000000002,3.5276761011525415
203.70000000000002,3.4150058596026094
203.8,3.450322361873559
203.9,3.482054316668361
204.0,3.415189538787283
204.10000000000002,3.4801975477549614
204.20000000000002,3.7544392976275565
204.3,3.722532724227465
204.4,3.6434645375161065
204.5,3.741891012897847
204.60000000000002,3.5543141006802936
204.70000000000002,3.4662254474246392
204.8,3.7353967263304746
204.9,3.5094871881159353
205.0,3.664425265403107
205.10000000000002,3.719758740028237
205.20000000000002,3.593176707158614
205.3,3.518149011714734
205.4,3.6616224355294005
205.5,3.459216234403493
205.60000000000002,3.4260626391863735
205.70000000000002,3.382614376542994
205.8,3.70354372403877
205.9,3.696416541118035
206.0,3.867449648851608
206.10000000000002,3.672923014712603
206.20000000000002,3.6663259072209122
206.3,3.566009512303517
206.4,3.569892411525425
206.5,3.6942343682086216
206.60000000000002,3.749874525326083
206.70000000000002,3.650734862978963
206.8,3.586810550097451
206.9,3.5169301774779322
207.0,3.593660838105194
207.10000000000002,3.6362459514747716
207.20000000000002,3.6727514530809366
207.3,3.666389688898526
207.4,3.6596297845695975
207.5,3.7102264269810634
207.60000000000002,3.6087541498733926
207.70000000000002,3.3378394228582993
207.8,3.364881451039821
207.9,3.5876269544396817
208.0,3.8810056693353046
208.10000000000002,3.7310609593998896
208.20000000000002,3.819176659531212
208.3,3.955156011898785
208.4,3.9124961288945688
208.5,3.823445187751875
208.60000000000002,3.7805568461494805
208.70000000000002,3.8620902732006743
208.8,3.650077077529643
208.9,3.529518444815546
209.0,3.8156452276864865
209.10000000000002,3.6120981867495074
209.20000000000002,3.6079531085849443
209.3,3.583710065080319
209.4,3.308679642491766
209.5,3.308962634752731
209.60000000000002,3.3588909667749483
209.70000000000002,3.353100589474415
209.8,3.604272638869702
209.9,3.632710860874099
